pos;AA;C;score;Ident;;;;;;;;
1;M;.;0.402163;QHD43418;|;;;;;;;
2;Y;S;0.901408;QHD43418;|;;;;;;;
3;S;.;0.072875;QHD43418;|;;;;;;;
4;F;S;0.820443;QHD43418;|;;;;;;;
5;V;.;0.313215;QHD43418;|;;;;;;;
6;S;.;0.053002;QHD43418;|;;;;;;;
7;E;.;0.025442;QHD43418;|;;;;;;;
8;E;.;0.085784;QHD43418;|;;;;;;;
9;T;.;0.07404;QHD43418;|;;;;;;;
10;G;.;0.026249;QHD43418;|;;;;;;;
11;T;.;0.024;QHD43418;|;;;;;;;
12;L;S;0.763665;QHD43418;|;;;;;;;
13;I;.;0.199544;QHD43418;|;;;;;;;
14;V;S;0.866423;QHD43418;|;;;;;;;
15;N;.;0.03107;QHD43418;|;;;;;;;
16;S;.;0.026303;QHD43418;|;;;;;;;
17;V;S;0.604491;QHD43418;|;;;;;;;
18;L;S;0.647758;QHD43418;|;;;;;;;
19;L;S;0.79241;QHD43418;|;;;;;;;
20;F;.;0.193635;QHD43418;|;;;;;;;
21;L;S;0.590929;QHD43418;|;;;;;;;
22;A;.;0.045785;QHD43418;|;;;;;;;
23;F;.;0.142385;QHD43418;|;;;;;;;
24;V;.;0.341784;QHD43418;|;;;;;;;
25;V;S;0.517684;QHD43418;|;;;;;;;
26;F;S;0.945406;QHD43418;|;;;;;;;
27;L;.;0.444496;QHD43418;|;;;;;;;
28;L;S;0.891362;QHD43418;|;;;;;;;
29;V;S;0.874923;QHD43418;|;;;;;;;
30;T;.;0.031231;QHD43418;|;;;;;;;
31;L;S;0.831942;QHD43418;|;;;;;;;
32;A;.;0.269863;QHD43418;|;;;;;;;
33;I;S;0.838612;QHD43418;|;;;;;;;
34;L;S;0.714136;QHD43418;|;;;;;;;
35;T;.;0.084022;QHD43418;|;;;;;;;
36;A;.;0.438091;QHD43418;|;;;;;;;
37;L;S;0.912768;QHD43418;|;;;;;;;
38;R;.;0.412775;QHD43418;|;;;;;;;
39;L;S;0.886283;QHD43418;|;;;;;;;
40;C;.;0.025594;QHD43418;|;;;;;;;
41;A;.;0.185632;QHD43418;|;;;;;;;
42;Y;S;0.627174;QHD43418;|;;;;;;;
43;C;.;0.023472;QHD43418;|;;;;;;;
44;C;.;0.024694;QHD43418;|;;;;;;;
45;N;.;0.023495;QHD43418;|;;;;;;;
46;I;.;0.128444;QHD43418;|;;;;;;;
47;V;.;0.106876;QHD43418;|;;;;;;;
48;N;.;0.023382;QHD43418;|;;;;;;;
49;V;S;0.862229;QHD43418;|;;;;;;;
50;S;.;0.030925;QHD43418;|;;;;;;;
51;L;.;0.306015;QHD43418;|;;;;;;;
52;V;.;0.126341;QHD43418;|;;;;;;;
53;K;.;0.423708;QHD43418;|;;;;;;;
54;P;.;0.03083;QHD43418;|;;;;;;;
55;S;.;0.024531;QHD43418;|;;;;;;;
56;F;S;0.530904;QHD43418;|;;;;;;;
57;Y;.;0.371408;QHD43418;|;;;;;;;
58;V;S;0.951987;QHD43418;|;;;;;;;
59;Y;S;0.976709;QHD43418;|;;;;;;;
60;S;.;0.045667;QHD43418;|;;;;;;;
61;R;S;0.957085;QHD43418;|;;;;;;;
62;V;S;0.685726;QHD43418;|;;;;;;;
63;K;S;0.951932;QHD43418;|;;;;;;;
64;N;.;0.032534;QHD43418;|;;;;;;;
65;L;S;0.952441;QHD43418;|;;;;;;;
66;N;.;0.053488;QHD43418;|;;;;;;;
67;S;.;0.052664;QHD43418;|;;;;;;;
68;S;.;0.252666;QHD43418;|;;;;;;;
69;R;.;0.421627;QHD43418;|;;;;;;;
70;V;.;0.24428;QHD43418;|;;;;;;;
71;P;.;0.032756;QHD43418;|;;;;;;;
72;D;.;0.042854;QHD43418;|;;;;;;;
73;L;S;0.639489;QHD43418;|;;;;;;;
74;L;S;0.658393;QHD43418;|;;;;;;;
75;V;S;0.828786;QHD43418;|;;;;;;;
1;M;S;0.602474;QHD43419;|;;;;;;;
2;A;.;0.239151;QHD43419;|;;;;;;;
3;D;.;0.031822;QHD43419;|;;;;;;;
4;S;.;0.025118;QHD43419;|;;;;;;;
5;N;.;0.022939;QHD43419;|;;;;;;;
6;G;.;0.023233;QHD43419;|;;;;;;;
7;T;.;0.028154;QHD43419;|;;;;;;;
8;I;.;0.462674;QHD43419;|;;;;;;;
9;T;.;0.035576;QHD43419;|;;;;;;;
10;V;S;0.963984;QHD43419;|;;;;;;;
11;E;.;0.143572;QHD43419;|;;;;;;;
12;E;.;0.029509;QHD43419;|;;;;;;;
13;L;S;0.870408;QHD43419;|;;;;;;;
14;K;.;0.487215;QHD43419;|;;;;;;;
15;K;S;0.623277;QHD43419;|;;;;;;;
16;L;S;0.772253;QHD43419;|;;;;;;;
17;L;.;0.346007;QHD43419;|;;;;;;;
18;E;.;0.023908;QHD43419;|;;;;;;;
19;Q;.;0.037429;QHD43419;|;;;;;;;
20;W;S;0.550405;QHD43419;|;;;;;;;
21;N;.;0.022575;QHD43419;|;;;;;;;
22;L;.;0.24542;QHD43419;|;;;;;;;
23;V;.;0.477487;QHD43419;|;;;;;;;
24;I;S;0.502136;QHD43419;|;;;;;;;
25;G;.;0.029302;QHD43419;|;;;;;;;
26;F;.;0.477533;QHD43419;|;;;;;;;
27;L;.;0.436244;QHD43419;|;;;;;;;
28;F;.;0.125386;QHD43419;|;;;;;;;
29;L;S;0.508173;QHD43419;|;;;;;;;
30;T;.;0.098106;QHD43419;|;;;;;;;
31;W;S;0.844423;QHD43419;|;;;;;;;
32;I;S;0.692213;QHD43419;|;;;;;;;
33;C;.;0.024818;QHD43419;|;;;;;;;
34;L;S;0.700767;QHD43419;|;;;;;;;
35;L;S;0.902209;QHD43419;|;;;;;;;
36;Q;.;0.082014;QHD43419;|;;;;;;;
37;F;S;0.542675;QHD43419;|;;;;;;;
38;A;.;0.02756;QHD43419;|;;;;;;;
39;Y;S;0.505116;QHD43419;|;;;;;;;
40;A;.;0.185401;QHD43419;|;;;;;;;
41;N;.;0.031658;QHD43419;|;;;;;;;
42;R;.;0.134179;QHD43419;|;;;;;;;
43;N;.;0.029908;QHD43419;|;;;;;;;
44;R;.;0.03297;QHD43419;|;;;;;;;
45;F;.;0.076166;QHD43419;|;;;;;;;
46;L;.;0.155754;QHD43419;|;;;;;;;
47;Y;.;0.409903;QHD43419;|;;;;;;;
48;I;.;0.073013;QHD43419;|;;;;;;;
49;I;.;0.223641;QHD43419;|;;;;;;;
50;K;.;0.070069;QHD43419;|;;;;;;;
51;L;S;0.965259;QHD43419;|;;;;;;;
52;I;.;0.477266;QHD43419;|;;;;;;;
53;F;.;0.493069;QHD43419;|;;;;;;;
54;L;.;0.441257;QHD43419;|;;;;;;;
55;W;S;0.883512;QHD43419;|;;;;;;;
56;L;S;0.589148;QHD43419;|;;;;;;;
57;L;.;0.42965;QHD43419;|;;;;;;;
58;W;.;0.453123;QHD43419;|;;;;;;;
59;P;.;0.024106;QHD43419;|;;;;;;;
60;V;.;0.362455;QHD43419;|;;;;;;;
61;T;.;0.109492;QHD43419;|;;;;;;;
62;L;S;0.936472;QHD43419;|;;;;;;;
63;A;S;0.799976;QHD43419;|;;;;;;;
64;C;.;0.068948;QHD43419;|;;;;;;;
65;F;.;0.201555;QHD43419;|;;;;;;;
66;V;.;0.147196;QHD43419;|;;;;;;;
67;L;S;0.823792;QHD43419;|;;;;;;;
68;A;.;0.057094;QHD43419;|;;;;;;;
69;A;.;0.067449;QHD43419;|;;;;;;;
70;V;.;0.122295;QHD43419;|;;;;;;;
71;Y;S;0.753476;QHD43419;|;;;;;;;
72;R;.;0.06683;QHD43419;|;;;;;;;
73;I;.;0.22773;QHD43419;|;;;;;;;
74;N;.;0.026502;QHD43419;|;;;;;;;
75;W;.;0.321465;QHD43419;|;;;;;;;
76;I;.;0.061058;QHD43419;|;;;;;;;
77;T;.;0.040922;QHD43419;|;;;;;;;
78;G;.;0.032111;QHD43419;|;;;;;;;
79;G;.;0.049102;QHD43419;|;;;;;;;
80;I;.;0.4297;QHD43419;|;;;;;;;
81;A;.;0.051647;QHD43419;|;;;;;;;
82;I;.;0.241245;QHD43419;|;;;;;;;
83;A;S;0.623662;QHD43419;|;;;;;;;
84;M;.;0.341906;QHD43419;|;;;;;;;
85;A;.;0.198029;QHD43419;|;;;;;;;
86;C;.;0.02378;QHD43419;|;;;;;;;
87;L;.;0.265148;QHD43419;|;;;;;;;
88;V;.;0.081933;QHD43419;|;;;;;;;
89;G;.;0.027219;QHD43419;|;;;;;;;
90;L;.;0.110174;QHD43419;|;;;;;;;
91;M;.;0.215854;QHD43419;|;;;;;;;
92;W;.;0.277241;QHD43419;|;;;;;;;
93;L;.;0.16589;QHD43419;|;;;;;;;
94;S;.;0.025775;QHD43419;|;;;;;;;
95;Y;S;0.724007;QHD43419;|;;;;;;;
96;F;.;0.166352;QHD43419;|;;;;;;;
97;I;.;0.465541;QHD43419;|;;;;;;;
98;A;S;0.682146;QHD43419;|;;;;;;;
99;S;.;0.026411;QHD43419;|;;;;;;;
100;F;S;0.916709;QHD43419;|;;;;;;;
101;R;.;0.14518;QHD43419;|;;;;;;;
102;L;S;0.972486;QHD43419;|;;;;;;;
103;F;.;0.489595;QHD43419;|;;;;;;;
104;A;.;0.035897;QHD43419;|;;;;;;;
105;R;S;0.522429;QHD43419;|;;;;;;;
106;T;.;0.11364;QHD43419;|;;;;;;;
107;R;.;0.469738;QHD43419;|;;;;;;;
108;S;.;0.080051;QHD43419;|;;;;;;;
109;M;S;0.89707;QHD43419;|;;;;;;;
110;W;S;0.835408;QHD43419;|;;;;;;;
111;S;.;0.023621;QHD43419;|;;;;;;;
112;F;S;0.810311;QHD43419;|;;;;;;;
113;N;.;0.022695;QHD43419;|;;;;;;;
114;P;.;0.046146;QHD43419;|;;;;;;;
115;E;.;0.025435;QHD43419;|;;;;;;;
116;T;.;0.444979;QHD43419;|;;;;;;;
117;N;.;0.02544;QHD43419;|;;;;;;;
118;I;S;0.60564;QHD43419;|;;;;;;;
119;L;S;0.965079;QHD43419;|;;;;;;;
120;L;S;0.942062;QHD43419;|;;;;;;;
121;N;.;0.065245;QHD43419;|;;;;;;;
122;V;S;0.545844;QHD43419;|;;;;;;;
123;P;.;0.026136;QHD43419;|;;;;;;;
124;L;S;0.632616;QHD43419;|;;;;;;;
125;H;.;0.050423;QHD43419;|;;;;;;;
126;G;.;0.185923;QHD43419;|;;;;;;;
127;T;.;0.065719;QHD43419;|;;;;;;;
128;I;S;0.839052;QHD43419;|;;;;;;;
129;L;S;0.939279;QHD43419;|;;;;;;;
130;T;S;0.643641;QHD43419;|;;;;;;;
131;R;S;0.939888;QHD43419;|;;;;;;;
132;P;.;0.091453;QHD43419;|;;;;;;;
133;L;S;0.610779;QHD43419;|;;;;;;;
134;L;S;0.916115;QHD43419;|;;;;;;;
135;E;.;0.026021;QHD43419;|;;;;;;;
136;S;.;0.205823;QHD43419;|;;;;;;;
137;E;.;0.023919;QHD43419;|;;;;;;;
138;L;S;0.812747;QHD43419;|;;;;;;;
139;V;.;0.452425;QHD43419;|;;;;;;;
140;I;.;0.481573;QHD43419;|;;;;;;;
141;G;.;0.034965;QHD43419;|;;;;;;;
142;A;.;0.123379;QHD43419;|;;;;;;;
143;V;.;0.456143;QHD43419;|;;;;;;;
144;I;S;0.789281;QHD43419;|;;;;;;;
145;L;S;0.959396;QHD43419;|;;;;;;;
146;R;.;0.445985;QHD43419;|;;;;;;;
147;G;.;0.057726;QHD43419;|;;;;;;;
148;H;.;0.027622;QHD43419;|;;;;;;;
149;L;S;0.845138;QHD43419;|;;;;;;;
150;R;.;0.390212;QHD43419;|;;;;;;;
151;I;S;0.945712;QHD43419;|;;;;;;;
152;A;.;0.126342;QHD43419;|;;;;;;;
153;G;.;0.048079;QHD43419;|;;;;;;;
154;H;.;0.201216;QHD43419;|;;;;;;;
155;H;.;0.17237;QHD43419;|;;;;;;;
156;L;S;0.975741;QHD43419;|;;;;;;;
157;G;S;0.64044;QHD43419;|;;;;;;;
158;R;S;0.520934;QHD43419;|;;;;;;;
159;C;.;0.026596;QHD43419;|;;;;;;;
160;D;.;0.023731;QHD43419;|;;;;;;;
161;I;S;0.674445;QHD43419;|;;;;;;;
162;K;S;0.729411;QHD43419;|;;;;;;;
163;D;.;0.027747;QHD43419;|;;;;;;;
164;L;.;0.111998;QHD43419;|;;;;;;;
165;P;.;0.026824;QHD43419;|;;;;;;;
166;K;.;0.265388;QHD43419;|;;;;;;;
167;E;.;0.023688;QHD43419;|;;;;;;;
168;I;.;0.451693;QHD43419;|;;;;;;;
169;T;.;0.035428;QHD43419;|;;;;;;;
170;V;S;0.931857;QHD43419;|;;;;;;;
171;A;S;0.815205;QHD43419;|;;;;;;;
172;T;S;0.670147;QHD43419;|;;;;;;;
173;S;.;0.03114;QHD43419;|;;;;;;;
174;R;S;0.566028;QHD43419;|;;;;;;;
175;T;.;0.060333;QHD43419;|;;;;;;;
176;L;S;0.928654;QHD43419;|;;;;;;;
177;S;.;0.030374;QHD43419;|;;;;;;;
178;Y;S;0.967913;QHD43419;|;;;;;;;
179;Y;S;0.937459;QHD43419;|;;;;;;;
180;K;S;0.817939;QHD43419;|;;;;;;;
181;L;S;0.975956;QHD43419;|;;;;;;;
182;G;.;0.077701;QHD43419;|;;;;;;;
183;A;.;0.167291;QHD43419;|;;;;;;;
184;S;.;0.040264;QHD43419;|;;;;;;;
185;Q;S;0.661871;QHD43419;|;;;;;;;
186;R;S;0.829952;QHD43419;|;;;;;;;
187;V;S;0.959942;QHD43419;|;;;;;;;
188;A;.;0.145735;QHD43419;|;;;;;;;
189;G;.;0.025569;QHD43419;|;;;;;;;
190;D;.;0.026347;QHD43419;|;;;;;;;
191;S;.;0.023522;QHD43419;|;;;;;;;
192;G;.;0.024424;QHD43419;|;;;;;;;
193;F;S;0.751038;QHD43419;|;;;;;;;
194;A;.;0.108879;QHD43419;|;;;;;;;
195;A;.;0.20372;QHD43419;|;;;;;;;
196;Y;S;0.965237;QHD43419;|;;;;;;;
197;S;.;0.036696;QHD43419;|;;;;;;;
198;R;.;0.097834;QHD43419;|;;;;;;;
199;Y;S;0.849319;QHD43419;|;;;;;;;
200;R;.;0.051233;QHD43419;|;;;;;;;
201;I;.;0.04265;QHD43419;|;;;;;;;
202;G;.;0.039206;QHD43419;|;;;;;;;
203;N;.;0.028737;QHD43419;|;;;;;;;
204;Y;S;0.934471;QHD43419;|;;;;;;;
205;K;S;0.966137;QHD43419;|;;;;;;;
206;L;S;0.978162;QHD43419;|;;;;;;;
207;N;.;0.035191;QHD43419;|;;;;;;;
208;T;.;0.107532;QHD43419;|;;;;;;;
209;D;.;0.054595;QHD43419;|;;;;;;;
210;H;S;0.501636;QHD43419;|;;;;;;;
211;S;.;0.108205;QHD43419;|;;;;;;;
212;S;.;0.072985;QHD43419;|;;;;;;;
213;S;.;0.040693;QHD43419;|;;;;;;;
214;S;.;0.030265;QHD43419;|;;;;;;;
215;D;.;0.039937;QHD43419;|;;;;;;;
216;N;.;0.028089;QHD43419;|;;;;;;;
217;I;.;0.141191;QHD43419;|;;;;;;;
218;A;.;0.217749;QHD43419;|;;;;;;;
219;L;S;0.865173;QHD43419;|;;;;;;;
220;L;S;0.963903;QHD43419;|;;;;;;;
221;V;S;0.968215;QHD43419;|;;;;;;;
222;Q;.;0.200061;QHD43419;|;;;;;;;
1;M;S;0.637474;QHD43423;|;;;;;;;
2;S;.;0.047859;QHD43423;|;;;;;;;
3;D;.;0.074912;QHD43423;|;;;;;;;
4;N;.;0.023458;QHD43423;|;;;;;;;
5;G;.;0.025123;QHD43423;|;;;;;;;
6;P;.;0.027983;QHD43423;|;;;;;;;
7;Q;.;0.026877;QHD43423;|;;;;;;;
8;N;.;0.085319;QHD43423;|;;;;;;;
9;Q;.;0.17513;QHD43423;|;;;;;;;
10;R;S;0.847948;QHD43423;|;;;;;;;
11;N;.;0.031908;QHD43423;|;;;;;;;
12;A;.;0.045848;QHD43423;|;;;;;;;
13;P;.;0.237509;QHD43423;|;;;;;;;
14;R;.;0.132875;QHD43423;|;;;;;;;
15;I;.;0.462094;QHD43423;|;;;;;;;
16;T;.;0.032059;QHD43423;|;;;;;;;
17;F;S;0.9735;QHD43423;|;;;;;;;
18;G;.;0.094767;QHD43423;|;;;;;;;
19;G;.;0.129823;QHD43423;|;;;;;;;
20;P;.;0.200249;QHD43423;|;;;;;;;
21;S;.;0.077964;QHD43423;|;;;;;;;
22;D;.;0.139026;QHD43423;|;;;;;;;
23;S;.;0.256743;QHD43423;|;;;;;;;
24;T;.;0.188188;QHD43423;|;;;;;;;
25;G;.;0.044027;QHD43423;|;;;;;;;
26;S;.;0.056237;QHD43423;|;;;;;;;
27;N;S;0.79379;QHD43423;|;;;;;;;
28;Q;.;0.062156;QHD43423;|;;;;;;;
29;N;.;0.160504;QHD43423;|;;;;;;;
30;G;.;0.083614;QHD43423;|;;;;;;;
31;E;.;0.028586;QHD43423;|;;;;;;;
32;R;.;0.491762;QHD43423;|;;;;;;;
33;S;.;0.028067;QHD43423;|;;;;;;;
34;G;.;0.109189;QHD43423;|;;;;;;;
35;A;.;0.158173;QHD43423;|;;;;;;;
36;R;.;0.275437;QHD43423;|;;;;;;;
37;S;.;0.031962;QHD43423;|;;;;;;;
38;K;S;0.965981;QHD43423;|;;;;;;;
39;Q;S;0.786886;QHD43423;|;;;;;;;
40;R;.;0.266163;QHD43423;|;;;;;;;
41;R;.;0.038962;QHD43423;|;;;;;;;
42;P;.;0.05416;QHD43423;|;;;;;;;
43;Q;.;0.087028;QHD43423;|;;;;;;;
44;G;.;0.023922;QHD43423;|;;;;;;;
45;L;.;0.206081;QHD43423;|;;;;;;;
46;P;.;0.027619;QHD43423;|;;;;;;;
47;N;.;0.085413;QHD43423;|;;;;;;;
48;N;.;0.055328;QHD43423;|;;;;;;;
49;T;.;0.130484;QHD43423;|;;;;;;;
50;A;.;0.223961;QHD43423;|;;;;;;;
51;S;.;0.040681;QHD43423;|;;;;;;;
52;W;S;0.975443;QHD43423;|;;;;;;;
53;F;S;0.885826;QHD43423;|;;;;;;;
54;T;.;0.041719;QHD43423;|;;;;;;;
55;A;.;0.223014;QHD43423;|;;;;;;;
56;L;S;0.955725;QHD43423;|;;;;;;;
57;T;.;0.453515;QHD43423;|;;;;;;;
58;Q;S;0.59185;QHD43423;|;;;;;;;
59;H;.;0.448159;QHD43423;|;;;;;;;
60;G;.;0.161755;QHD43423;|;;;;;;;
61;K;.;0.424646;QHD43423;|;;;;;;;
62;E;.;0.042185;QHD43423;|;;;;;;;
63;D;.;0.079463;QHD43423;|;;;;;;;
64;L;S;0.913813;QHD43423;|;;;;;;;
65;K;S;0.542437;QHD43423;|;;;;;;;
66;F;S;0.633057;QHD43423;|;;;;;;;
67;P;.;0.026685;QHD43423;|;;;;;;;
68;R;.;0.119392;QHD43423;|;;;;;;;
69;G;.;0.315021;QHD43423;|;;;;;;;
70;Q;.;0.026731;QHD43423;|;;;;;;;
71;G;.;0.027695;QHD43423;|;;;;;;;
72;V;S;0.801259;QHD43423;|;;;;;;;
73;P;.;0.052009;QHD43423;|;;;;;;;
74;I;S;0.947337;QHD43423;|;;;;;;;
75;N;.;0.138033;QHD43423;|;;;;;;;
76;T;.;0.366046;QHD43423;|;;;;;;;
77;N;.;0.342647;QHD43423;|;;;;;;;
78;S;.;0.145101;QHD43423;|;;;;;;;
79;S;.;0.31098;QHD43423;|;;;;;;;
80;P;.;0.098995;QHD43423;|;;;;;;;
81;D;.;0.023511;QHD43423;|;;;;;;;
82;D;.;0.027205;QHD43423;|;;;;;;;
83;Q;.;0.023445;QHD43423;|;;;;;;;
84;I;.;0.092288;QHD43423;|;;;;;;;
85;G;.;0.026742;QHD43423;|;;;;;;;
86;Y;S;0.946277;QHD43423;|;;;;;;;
87;Y;S;0.976902;QHD43423;|;;;;;;;
88;R;S;0.516193;QHD43423;|;;;;;;;
89;R;S;0.820132;QHD43423;|;;;;;;;
90;A;.;0.257042;QHD43423;|;;;;;;;
91;T;.;0.025687;QHD43423;|;;;;;;;
92;R;S;0.623024;QHD43423;|;;;;;;;
93;R;S;0.848284;QHD43423;|;;;;;;;
94;I;S;0.875497;QHD43423;|;;;;;;;
95;R;.;0.1053;QHD43423;|;;;;;;;
96;G;.;0.041148;QHD43423;|;;;;;;;
97;G;.;0.034379;QHD43423;|;;;;;;;
98;D;.;0.027555;QHD43423;|;;;;;;;
99;G;.;0.073482;QHD43423;|;;;;;;;
100;K;.;0.364577;QHD43423;|;;;;;;;
101;M;S;0.790837;QHD43423;|;;;;;;;
102;K;S;0.833405;QHD43423;|;;;;;;;
103;D;.;0.038356;QHD43423;|;;;;;;;
104;L;.;0.363265;QHD43423;|;;;;;;;
105;S;.;0.022328;QHD43423;|;;;;;;;
106;P;.;0.022558;QHD43423;|;;;;;;;
107;R;.;0.041871;QHD43423;|;;;;;;;
108;W;S;0.963625;QHD43423;|;;;;;;;
109;Y;S;0.718395;QHD43423;|;;;;;;;
110;F;S;0.516386;QHD43423;|;;;;;;;
111;Y;S;0.975985;QHD43423;|;;;;;;;
112;Y;S;0.97463;QHD43423;|;;;;;;;
113;L;S;0.978716;QHD43423;|;;;;;;;
114;G;.;0.439654;QHD43423;|;;;;;;;
115;T;.;0.06061;QHD43423;|;;;;;;;
116;G;.;0.121196;QHD43423;|;;;;;;;
117;P;.;0.050059;QHD43423;|;;;;;;;
118;E;.;0.098148;QHD43423;|;;;;;;;
119;A;S;0.787475;QHD43423;|;;;;;;;
120;G;.;0.028221;QHD43423;|;;;;;;;
121;L;S;0.679345;QHD43423;|;;;;;;;
122;P;.;0.039738;QHD43423;|;;;;;;;
123;Y;S;0.968828;QHD43423;|;;;;;;;
124;G;.;0.08842;QHD43423;|;;;;;;;
125;A;.;0.260161;QHD43423;|;;;;;;;
126;N;.;0.023439;QHD43423;|;;;;;;;
127;K;.;0.184384;QHD43423;|;;;;;;;
128;D;.;0.030354;QHD43423;|;;;;;;;
129;G;.;0.059005;QHD43423;|;;;;;;;
130;I;.;0.038179;QHD43423;|;;;;;;;
131;I;.;0.120579;QHD43423;|;;;;;;;
132;W;S;0.62871;QHD43423;|;;;;;;;
133;V;S;0.790488;QHD43423;|;;;;;;;
134;A;S;0.731564;QHD43423;|;;;;;;;
135;T;.;0.132811;QHD43423;|;;;;;;;
136;E;.;0.028579;QHD43423;|;;;;;;;
137;G;.;0.319214;QHD43423;|;;;;;;;
138;A;S;0.646828;QHD43423;|;;;;;;;
139;L;S;0.859038;QHD43423;|;;;;;;;
140;N;.;0.023256;QHD43423;|;;;;;;;
141;T;.;0.114469;QHD43423;|;;;;;;;
142;P;.;0.037791;QHD43423;|;;;;;;;
143;K;.;0.373572;QHD43423;|;;;;;;;
144;D;.;0.05272;QHD43423;|;;;;;;;
145;H;.;0.138083;QHD43423;|;;;;;;;
146;I;S;0.666568;QHD43423;|;;;;;;;
147;G;.;0.040695;QHD43423;|;;;;;;;
148;T;.;0.062304;QHD43423;|;;;;;;;
149;R;S;0.954057;QHD43423;|;;;;;;;
150;N;.;0.025658;QHD43423;|;;;;;;;
151;P;.;0.025837;QHD43423;|;;;;;;;
152;A;.;0.071387;QHD43423;|;;;;;;;
153;N;.;0.024086;QHD43423;|;;;;;;;
154;N;.;0.025434;QHD43423;|;;;;;;;
155;A;S;0.565051;QHD43423;|;;;;;;;
156;A;S;0.526023;QHD43423;|;;;;;;;
157;I;S;0.531973;QHD43423;|;;;;;;;
158;V;S;0.889343;QHD43423;|;;;;;;;
159;L;S;0.973006;QHD43423;|;;;;;;;
160;Q;.;0.0431;QHD43423;|;;;;;;;
161;L;S;0.548229;QHD43423;|;;;;;;;
162;P;.;0.044;QHD43423;|;;;;;;;
163;Q;.;0.05132;QHD43423;|;;;;;;;
164;G;.;0.06305;QHD43423;|;;;;;;;
165;T;.;0.039416;QHD43423;|;;;;;;;
166;T;.;0.085624;QHD43423;|;;;;;;;
167;L;S;0.883182;QHD43423;|;;;;;;;
168;P;S;0.555444;QHD43423;|;;;;;;;
169;K;S;0.956059;QHD43423;|;;;;;;;
170;G;.;0.043394;QHD43423;|;;;;;;;
171;F;.;0.237292;QHD43423;|;;;;;;;
172;Y;S;0.969106;QHD43423;|;;;;;;;
173;A;S;0.901196;QHD43423;|;;;;;;;
174;E;.;0.482003;QHD43423;|;;;;;;;
175;G;S;0.764342;QHD43423;|;;;;;;;
176;S;.;0.030477;QHD43423;|;;;;;;;
177;R;.;0.463902;QHD43423;|;;;;;;;
178;G;.;0.040237;QHD43423;|;;;;;;;
179;G;.;0.077077;QHD43423;|;;;;;;;
180;S;.;0.060538;QHD43423;|;;;;;;;
181;Q;.;0.088501;QHD43423;|;;;;;;;
182;A;S;0.573907;QHD43423;|;;;;;;;
183;S;.;0.238698;QHD43423;|;;;;;;;
184;S;S;0.533381;QHD43423;|;;;;;;;
185;R;.;0.308048;QHD43423;|;;;;;;;
186;S;.;0.097867;QHD43423;|;;;;;;;
187;S;.;0.08048;QHD43423;|;;;;;;;
188;S;.;0.027926;QHD43423;|;;;;;;;
189;R;S;0.778881;QHD43423;|;;;;;;;
190;S;.;0.103036;QHD43423;|;;;;;;;
191;R;S;0.908736;QHD43423;|;;;;;;;
192;N;.;0.110814;QHD43423;|;;;;;;;
193;S;.;0.054276;QHD43423;|;;;;;;;
194;S;.;0.119378;QHD43423;|;;;;;;;
195;R;S;0.872943;QHD43423;|;;;;;;;
196;N;.;0.313756;QHD43423;|;;;;;;;
197;S;.;0.026565;QHD43423;|;;;;;;;
198;T;.;0.367011;QHD43423;|;;;;;;;
199;P;.;0.150674;QHD43423;|;;;;;;;
200;G;.;0.372625;QHD43423;|;;;;;;;
201;S;.;0.060333;QHD43423;|;;;;;;;
202;S;.;0.143286;QHD43423;|;;;;;;;
203;R;S;0.679623;QHD43423;|;;;;;;;
204;G;.;0.29636;QHD43423;|;;;;;;;
205;T;.;0.092419;QHD43423;|;;;;;;;
206;S;.;0.039666;QHD43423;|;;;;;;;
207;P;.;0.041226;QHD43423;|;;;;;;;
208;A;S;0.896302;QHD43423;|;;;;;;;
209;R;S;0.772386;QHD43423;|;;;;;;;
210;M;S;0.968049;QHD43423;|;;;;;;;
211;A;.;0.179276;QHD43423;|;;;;;;;
212;G;.;0.07746;QHD43423;|;;;;;;;
213;N;.;0.023708;QHD43423;|;;;;;;;
214;G;.;0.029689;QHD43423;|;;;;;;;
215;G;.;0.023496;QHD43423;|;;;;;;;
216;D;.;0.027353;QHD43423;|;;;;;;;
217;A;.;0.30094;QHD43423;|;;;;;;;
218;A;.;0.067151;QHD43423;|;;;;;;;
219;L;S;0.844542;QHD43423;|;;;;;;;
220;A;.;0.182903;QHD43423;|;;;;;;;
221;L;S;0.650782;QHD43423;|;;;;;;;
222;L;S;0.848893;QHD43423;|;;;;;;;
223;L;.;0.385386;QHD43423;|;;;;;;;
224;L;S;0.898712;QHD43423;|;;;;;;;
225;D;.;0.035754;QHD43423;|;;;;;;;
226;R;.;0.406403;QHD43423;|;;;;;;;
227;L;.;0.388848;QHD43423;|;;;;;;;
228;N;.;0.033569;QHD43423;|;;;;;;;
229;Q;.;0.088353;QHD43423;|;;;;;;;
230;L;S;0.976201;QHD43423;|;;;;;;;
231;E;.;0.03818;QHD43423;|;;;;;;;
232;S;.;0.052086;QHD43423;|;;;;;;;
233;K;S;0.921564;QHD43423;|;;;;;;;
234;M;S;0.941351;QHD43423;|;;;;;;;
235;S;.;0.027079;QHD43423;|;;;;;;;
236;G;.;0.125079;QHD43423;|;;;;;;;
237;K;S;0.681497;QHD43423;|;;;;;;;
238;G;.;0.136178;QHD43423;|;;;;;;;
239;Q;.;0.025155;QHD43423;|;;;;;;;
240;Q;.;0.036404;QHD43423;|;;;;;;;
241;Q;.;0.157;QHD43423;|;;;;;;;
242;Q;.;0.035351;QHD43423;|;;;;;;;
243;G;.;0.066975;QHD43423;|;;;;;;;
244;Q;.;0.030858;QHD43423;|;;;;;;;
245;T;.;0.028123;QHD43423;|;;;;;;;
246;V;S;0.673101;QHD43423;|;;;;;;;
247;T;.;0.104155;QHD43423;|;;;;;;;
248;K;S;0.966402;QHD43423;|;;;;;;;
249;K;S;0.942959;QHD43423;|;;;;;;;
250;S;.;0.053941;QHD43423;|;;;;;;;
251;A;.;0.469074;QHD43423;|;;;;;;;
252;A;.;0.318838;QHD43423;|;;;;;;;
253;E;.;0.065593;QHD43423;|;;;;;;;
254;A;S;0.625053;QHD43423;|;;;;;;;
255;S;.;0.024565;QHD43423;|;;;;;;;
256;K;S;0.830233;QHD43423;|;;;;;;;
257;K;.;0.336783;QHD43423;|;;;;;;;
258;P;.;0.060104;QHD43423;|;;;;;;;
259;R;.;0.084341;QHD43423;|;;;;;;;
260;Q;.;0.035229;QHD43423;|;;;;;;;
261;K;S;0.69593;QHD43423;|;;;;;;;
262;R;.;0.326896;QHD43423;|;;;;;;;
263;T;.;0.034792;QHD43423;|;;;;;;;
264;A;.;0.060457;QHD43423;|;;;;;;;
265;T;.;0.101447;QHD43423;|;;;;;;;
266;K;S;0.884032;QHD43423;|;;;;;;;
267;A;.;0.295889;QHD43423;|;;;;;;;
268;Y;S;0.886964;QHD43423;|;;;;;;;
269;N;.;0.029812;QHD43423;|;;;;;;;
270;V;.;0.316135;QHD43423;|;;;;;;;
271;T;.;0.412734;QHD43423;|;;;;;;;
272;Q;S;0.663041;QHD43423;|;;;;;;;
273;A;.;0.35002;QHD43423;|;;;;;;;
274;F;S;0.97357;QHD43423;|;;;;;;;
275;G;.;0.107606;QHD43423;|;;;;;;;
276;R;.;0.431363;QHD43423;|;;;;;;;
277;R;S;0.75511;QHD43423;|;;;;;;;
278;G;.;0.02529;QHD43423;|;;;;;;;
279;P;.;0.024876;QHD43423;|;;;;;;;
280;E;.;0.042424;QHD43423;|;;;;;;;
281;Q;.;0.030159;QHD43423;|;;;;;;;
282;T;.;0.037042;QHD43423;|;;;;;;;
283;Q;S;0.511454;QHD43423;|;;;;;;;
284;G;S;0.613986;QHD43423;|;;;;;;;
285;N;.;0.110367;QHD43423;|;;;;;;;
286;F;S;0.554886;QHD43423;|;;;;;;;
287;G;.;0.025736;QHD43423;|;;;;;;;
288;D;.;0.048951;QHD43423;|;;;;;;;
289;Q;.;0.070389;QHD43423;|;;;;;;;
290;E;.;0.025502;QHD43423;|;;;;;;;
291;L;S;0.728878;QHD43423;|;;;;;;;
292;I;.;0.432727;QHD43423;|;;;;;;;
293;R;.;0.12936;QHD43423;|;;;;;;;
294;Q;.;0.063479;QHD43423;|;;;;;;;
295;G;.;0.028886;QHD43423;|;;;;;;;
296;T;.;0.04058;QHD43423;|;;;;;;;
297;D;.;0.030506;QHD43423;|;;;;;;;
298;Y;S;0.94901;QHD43423;|;;;;;;;
299;K;S;0.627087;QHD43423;|;;;;;;;
300;H;.;0.137268;QHD43423;|;;;;;;;
301;W;.;0.223938;QHD43423;|;;;;;;;
302;P;.;0.058014;QHD43423;|;;;;;;;
303;Q;.;0.038086;QHD43423;|;;;;;;;
304;I;S;0.572603;QHD43423;|;;;;;;;
305;A;S;0.751266;QHD43423;|;;;;;;;
306;Q;.;0.105341;QHD43423;|;;;;;;;
307;F;S;0.969864;QHD43423;|;;;;;;;
308;A;.;0.043936;QHD43423;|;;;;;;;
309;P;.;0.093948;QHD43423;|;;;;;;;
310;S;.;0.039375;QHD43423;|;;;;;;;
311;A;.;0.141659;QHD43423;|;;;;;;;
312;S;.;0.029045;QHD43423;|;;;;;;;
313;A;S;0.685792;QHD43423;|;;;;;;;
314;F;.;0.376618;QHD43423;|;;;;;;;
315;F;S;0.676518;QHD43423;|;;;;;;;
316;G;.;0.052852;QHD43423;|;;;;;;;
317;M;.;0.297973;QHD43423;|;;;;;;;
318;S;.;0.107192;QHD43423;|;;;;;;;
319;R;.;0.245648;QHD43423;|;;;;;;;
320;I;S;0.743918;QHD43423;|;;;;;;;
321;G;.;0.066179;QHD43423;|;;;;;;;
322;M;.;0.128286;QHD43423;|;;;;;;;
323;E;.;0.024234;QHD43423;|;;;;;;;
324;V;S;0.911503;QHD43423;|;;;;;;;
325;T;.;0.024559;QHD43423;|;;;;;;;
326;P;.;0.103747;QHD43423;|;;;;;;;
327;S;.;0.025665;QHD43423;|;;;;;;;
328;G;.;0.039024;QHD43423;|;;;;;;;
329;T;.;0.043752;QHD43423;|;;;;;;;
330;W;S;0.93125;QHD43423;|;;;;;;;
331;L;S;0.755628;QHD43423;|;;;;;;;
332;T;.;0.07119;QHD43423;|;;;;;;;
333;Y;S;0.975441;QHD43423;|;;;;;;;
334;T;.;0.044711;QHD43423;|;;;;;;;
335;G;.;0.403286;QHD43423;|;;;;;;;
336;A;S;0.805766;QHD43423;|;;;;;;;
337;I;S;0.936767;QHD43423;|;;;;;;;
338;K;S;0.616486;QHD43423;|;;;;;;;
339;L;S;0.965814;QHD43423;|;;;;;;;
340;D;.;0.15955;QHD43423;|;;;;;;;
341;D;.;0.023614;QHD43423;|;;;;;;;
342;K;.;0.09371;QHD43423;|;;;;;;;
343;D;.;0.023808;QHD43423;|;;;;;;;
344;P;.;0.025089;QHD43423;|;;;;;;;
345;N;.;0.024655;QHD43423;|;;;;;;;
346;F;S;0.784258;QHD43423;|;;;;;;;
347;K;.;0.138372;QHD43423;|;;;;;;;
348;D;.;0.053373;QHD43423;|;;;;;;;
349;Q;.;0.047242;QHD43423;|;;;;;;;
350;V;.;0.204961;QHD43423;|;;;;;;;
351;I;S;0.783782;QHD43423;|;;;;;;;
352;L;S;0.851784;QHD43423;|;;;;;;;
353;L;S;0.939184;QHD43423;|;;;;;;;
354;N;.;0.025859;QHD43423;|;;;;;;;
355;K;.;0.305422;QHD43423;|;;;;;;;
356;H;.;0.066084;QHD43423;|;;;;;;;
357;I;S;0.656265;QHD43423;|;;;;;;;
358;D;.;0.030046;QHD43423;|;;;;;;;
359;A;S;0.863845;QHD43423;|;;;;;;;
360;Y;S;0.968504;QHD43423;|;;;;;;;
361;K;S;0.702089;QHD43423;|;;;;;;;
362;T;.;0.057424;QHD43423;|;;;;;;;
363;F;S;0.842358;QHD43423;|;;;;;;;
364;P;.;0.027164;QHD43423;|;;;;;;;
365;P;.;0.03015;QHD43423;|;;;;;;;
366;T;.;0.340023;QHD43423;|;;;;;;;
367;E;.;0.044354;QHD43423;|;;;;;;;
368;P;.;0.324618;QHD43423;|;;;;;;;
369;K;S;0.960307;QHD43423;|;;;;;;;
370;K;S;0.9439;QHD43423;|;;;;;;;
371;D;.;0.159375;QHD43423;|;;;;;;;
372;K;S;0.95849;QHD43423;|;;;;;;;
373;K;S;0.875981;QHD43423;|;;;;;;;
374;K;S;0.89518;QHD43423;|;;;;;;;
375;K;S;0.908338;QHD43423;|;;;;;;;
376;A;S;0.518439;QHD43423;|;;;;;;;
377;D;.;0.030978;QHD43423;|;;;;;;;
378;E;.;0.024349;QHD43423;|;;;;;;;
379;T;.;0.04969;QHD43423;|;;;;;;;
380;Q;.;0.190141;QHD43423;|;;;;;;;
381;A;.;0.115326;QHD43423;|;;;;;;;
382;L;S;0.867258;QHD43423;|;;;;;;;
383;P;.;0.237015;QHD43423;|;;;;;;;
384;Q;.;0.061344;QHD43423;|;;;;;;;
385;R;S;0.829744;QHD43423;|;;;;;;;
386;Q;.;0.032096;QHD43423;|;;;;;;;
387;K;.;0.348676;QHD43423;|;;;;;;;
388;K;S;0.864071;QHD43423;|;;;;;;;
389;Q;.;0.345354;QHD43423;|;;;;;;;
390;Q;.;0.073276;QHD43423;|;;;;;;;
391;T;.;0.029143;QHD43423;|;;;;;;;
392;V;S;0.92086;QHD43423;|;;;;;;;
393;T;.;0.078466;QHD43423;|;;;;;;;
394;L;S;0.967306;QHD43423;|;;;;;;;
395;L;S;0.921782;QHD43423;|;;;;;;;
396;P;.;0.334741;QHD43423;|;;;;;;;
397;A;.;0.166351;QHD43423;|;;;;;;;
398;A;.;0.308307;QHD43423;|;;;;;;;
399;D;.;0.024953;QHD43423;|;;;;;;;
400;L;S;0.880596;QHD43423;|;;;;;;;
401;D;.;0.064521;QHD43423;|;;;;;;;
402;D;.;0.049831;QHD43423;|;;;;;;;
403;F;S;0.622329;QHD43423;|;;;;;;;
404;S;.;0.024213;QHD43423;|;;;;;;;
405;K;S;0.907776;QHD43423;|;;;;;;;
406;Q;.;0.251138;QHD43423;|;;;;;;;
407;L;S;0.977987;QHD43423;|;;;;;;;
408;Q;.;0.06656;QHD43423;|;;;;;;;
409;Q;.;0.145635;QHD43423;|;;;;;;;
410;S;.;0.163778;QHD43423;|;;;;;;;
411;M;S;0.865422;QHD43423;|;;;;;;;
412;S;.;0.052375;QHD43423;|;;;;;;;
413;S;.;0.170406;QHD43423;|;;;;;;;
414;A;.;0.431973;QHD43423;|;;;;;;;
415;D;.;0.037496;QHD43423;|;;;;;;;
416;S;.;0.048599;QHD43423;|;;;;;;;
417;T;.;0.087732;QHD43423;|;;;;;;;
418;Q;.;0.482526;QHD43423;|;;;;;;;
419;A;S;0.772316;QHD43423;|;;;;;;;
1;M;.;0.365398;QHD43416;|;;;;;;;
2;F;.;0.203074;QHD43416;|;;;;;;;
3;V;.;0.47293;QHD43416;|;;;;;;;
4;F;S;0.522084;QHD43416;|;;;;;;;
5;L;.;0.477432;QHD43416;|;;;;;;;
6;V;S;0.627016;QHD43416;|;;;;;;;
7;L;S;0.805199;QHD43416;|;;;;;;;
8;L;S;0.947219;QHD43416;|;;;;;;;
9;P;.;0.034245;QHD43416;|;;;;;;;
10;L;S;0.953221;QHD43416;|;;;;;;;
11;V;.;0.253357;QHD43416;|;;;;;;;
12;S;.;0.046736;QHD43416;|;;;;;;;
13;S;.;0.150899;QHD43416;|;;;;;;;
14;Q;.;0.310091;QHD43416;|;;;;;;;
15;C;.;0.041888;QHD43416;|;;;;;;;
16;V;S;0.952535;QHD43416;|;;;;;;;
17;N;.;0.049098;QHD43416;|;;;;;;;
18;L;S;0.968315;QHD43416;|;;;;;;;
19;T;.;0.102176;QHD43416;|;;;;;;;
20;T;.;0.308544;QHD43416;|;;;;;;;
21;R;.;0.41944;QHD43416;|;;;;;;;
22;T;.;0.129722;QHD43416;|;;;;;;;
23;Q;.;0.034584;QHD43416;|;;;;;;;
24;L;.;0.298006;QHD43416;|;;;;;;;
25;P;.;0.042607;QHD43416;|;;;;;;;
26;P;.;0.034349;QHD43416;|;;;;;;;
27;A;.;0.069138;QHD43416;|;;;;;;;
28;Y;S;0.952435;QHD43416;|;;;;;;;
29;T;.;0.062064;QHD43416;|;;;;;;;
30;N;.;0.130068;QHD43416;|;;;;;;;
31;S;.;0.257796;QHD43416;|;;;;;;;
32;F;S;0.958058;QHD43416;|;;;;;;;
33;T;.;0.043129;QHD43416;|;;;;;;;
34;R;S;0.80471;QHD43416;|;;;;;;;
35;G;.;0.218105;QHD43416;|;;;;;;;
36;V;.;0.260566;QHD43416;|;;;;;;;
37;Y;S;0.588675;QHD43416;|;;;;;;;
38;Y;S;0.642105;QHD43416;|;;;;;;;
39;P;.;0.11267;QHD43416;|;;;;;;;
40;D;.;0.039965;QHD43416;|;;;;;;;
41;K;.;0.390794;QHD43416;|;;;;;;;
42;V;.;0.417059;QHD43416;|;;;;;;;
43;F;S;0.885239;QHD43416;|;;;;;;;
44;R;S;0.728788;QHD43416;|;;;;;;;
45;S;.;0.354145;QHD43416;|;;;;;;;
46;S;.;0.385131;QHD43416;|;;;;;;;
47;V;S;0.70651;QHD43416;|;;;;;;;
48;L;S;0.966109;QHD43416;|;;;;;;;
49;H;S;0.711816;QHD43416;|;;;;;;;
50;S;.;0.035633;QHD43416;|;;;;;;;
51;T;.;0.112813;QHD43416;|;;;;;;;
52;Q;.;0.19863;QHD43416;|;;;;;;;
53;D;.;0.076256;QHD43416;|;;;;;;;
54;L;S;0.928684;QHD43416;|;;;;;;;
55;F;.;0.132726;QHD43416;|;;;;;;;
56;L;.;0.239816;QHD43416;|;;;;;;;
57;P;.;0.027877;QHD43416;|;;;;;;;
58;F;S;0.553019;QHD43416;|;;;;;;;
59;F;.;0.325224;QHD43416;|;;;;;;;
60;S;.;0.026448;QHD43416;|;;;;;;;
61;N;.;0.110402;QHD43416;|;;;;;;;
62;V;S;0.723258;QHD43416;|;;;;;;;
63;T;.;0.388934;QHD43416;|;;;;;;;
64;W;S;0.964873;QHD43416;|;;;;;;;
65;F;S;0.83755;QHD43416;|;;;;;;;
66;H;.;0.160868;QHD43416;|;;;;;;;
67;A;.;0.078637;QHD43416;|;;;;;;;
68;I;S;0.810649;QHD43416;|;;;;;;;
69;H;.;0.402359;QHD43416;|;;;;;;;
70;V;S;0.952098;QHD43416;|;;;;;;;
71;S;.;0.031317;QHD43416;|;;;;;;;
72;G;.;0.041204;QHD43416;|;;;;;;;
73;T;.;0.042747;QHD43416;|;;;;;;;
74;N;.;0.093344;QHD43416;|;;;;;;;
75;G;.;0.04514;QHD43416;|;;;;;;;
76;T;.;0.244205;QHD43416;|;;;;;;;
77;K;S;0.968706;QHD43416;|;;;;;;;
78;R;.;0.301441;QHD43416;|;;;;;;;
79;F;S;0.88037;QHD43416;|;;;;;;;
80;D;.;0.023019;QHD43416;|;;;;;;;
81;N;.;0.022783;QHD43416;|;;;;;;;
82;P;.;0.025764;QHD43416;|;;;;;;;
83;V;S;0.656147;QHD43416;|;;;;;;;
84;L;.;0.428362;QHD43416;|;;;;;;;
85;P;.;0.284186;QHD43416;|;;;;;;;
86;F;S;0.808232;QHD43416;|;;;;;;;
87;N;.;0.029181;QHD43416;|;;;;;;;
88;D;.;0.023498;QHD43416;|;;;;;;;
89;G;.;0.116972;QHD43416;|;;;;;;;
90;V;S;0.845836;QHD43416;|;;;;;;;
91;Y;S;0.970293;QHD43416;|;;;;;;;
92;F;S;0.976107;QHD43416;|;;;;;;;
93;A;.;0.456917;QHD43416;|;;;;;;;
94;S;.;0.036028;QHD43416;|;;;;;;;
95;T;.;0.070715;QHD43416;|;;;;;;;
96;E;.;0.024261;QHD43416;|;;;;;;;
97;K;S;0.920054;QHD43416;|;;;;;;;
98;S;.;0.036076;QHD43416;|;;;;;;;
99;N;.;0.022786;QHD43416;|;;;;;;;
100;I;.;0.05173;QHD43416;|;;;;;;;
101;I;S;0.777175;QHD43416;|;;;;;;;
102;R;.;0.057257;QHD43416;|;;;;;;;
103;G;.;0.040468;QHD43416;|;;;;;;;
104;W;S;0.554441;QHD43416;|;;;;;;;
105;I;.;0.095593;QHD43416;|;;;;;;;
106;F;S;0.667945;QHD43416;|;;;;;;;
107;G;.;0.024463;QHD43416;|;;;;;;;
108;T;.;0.383974;QHD43416;|;;;;;;;
109;T;.;0.404581;QHD43416;|;;;;;;;
110;L;S;0.974677;QHD43416;|;;;;;;;
111;D;.;0.155128;QHD43416;|;;;;;;;
112;S;.;0.085788;QHD43416;|;;;;;;;
113;K;.;0.265647;QHD43416;|;;;;;;;
114;T;.;0.03095;QHD43416;|;;;;;;;
115;Q;.;0.05625;QHD43416;|;;;;;;;
116;S;.;0.027581;QHD43416;|;;;;;;;
117;L;S;0.965883;QHD43416;|;;;;;;;
118;L;.;0.396073;QHD43416;|;;;;;;;
119;I;.;0.174736;QHD43416;|;;;;;;;
120;V;.;0.366002;QHD43416;|;;;;;;;
121;N;.;0.025239;QHD43416;|;;;;;;;
122;N;.;0.026941;QHD43416;|;;;;;;;
123;A;.;0.052499;QHD43416;|;;;;;;;
124;T;.;0.043069;QHD43416;|;;;;;;;
125;N;.;0.025706;QHD43416;|;;;;;;;
126;V;.;0.280504;QHD43416;|;;;;;;;
127;V;S;0.63909;QHD43416;|;;;;;;;
128;I;.;0.295233;QHD43416;|;;;;;;;
129;K;.;0.181269;QHD43416;|;;;;;;;
130;V;S;0.941201;QHD43416;|;;;;;;;
131;C;.;0.061967;QHD43416;|;;;;;;;
132;E;.;0.02391;QHD43416;|;;;;;;;
133;F;S;0.97251;QHD43416;|;;;;;;;
134;Q;.;0.032322;QHD43416;|;;;;;;;
135;F;S;0.849576;QHD43416;|;;;;;;;
136;C;.;0.024183;QHD43416;|;;;;;;;
137;N;.;0.029404;QHD43416;|;;;;;;;
138;D;.;0.023421;QHD43416;|;;;;;;;
139;P;.;0.028544;QHD43416;|;;;;;;;
140;F;.;0.075925;QHD43416;|;;;;;;;
141;L;.;0.139584;QHD43416;|;;;;;;;
142;G;.;0.027192;QHD43416;|;;;;;;;
143;V;.;0.450852;QHD43416;|;;;;;;;
144;Y;S;0.690006;QHD43416;|;;;;;;;
145;Y;S;0.850375;QHD43416;|;;;;;;;
146;H;S;0.855846;QHD43416;|;;;;;;;
147;K;S;0.963426;QHD43416;|;;;;;;;
148;N;.;0.060272;QHD43416;|;;;;;;;
149;N;.;0.028097;QHD43416;|;;;;;;;
150;K;.;0.20681;QHD43416;|;;;;;;;
151;S;.;0.07995;QHD43416;|;;;;;;;
152;W;S;0.932859;QHD43416;|;;;;;;;
153;M;.;0.403195;QHD43416;|;;;;;;;
154;E;.;0.033799;QHD43416;|;;;;;;;
155;S;.;0.032736;QHD43416;|;;;;;;;
156;E;.;0.024799;QHD43416;|;;;;;;;
157;F;.;0.268891;QHD43416;|;;;;;;;
158;R;.;0.065738;QHD43416;|;;;;;;;
159;V;S;0.674327;QHD43416;|;;;;;;;
160;Y;S;0.799346;QHD43416;|;;;;;;;
161;S;.;0.055051;QHD43416;|;;;;;;;
162;S;.;0.03677;QHD43416;|;;;;;;;
163;A;S;0.859269;QHD43416;|;;;;;;;
164;N;.;0.041841;QHD43416;|;;;;;;;
165;N;.;0.0274;QHD43416;|;;;;;;;
166;C;.;0.040319;QHD43416;|;;;;;;;
167;T;.;0.037533;QHD43416;|;;;;;;;
168;F;S;0.903181;QHD43416;|;;;;;;;
169;E;.;0.028868;QHD43416;|;;;;;;;
170;Y;S;0.919556;QHD43416;|;;;;;;;
171;V;.;0.285886;QHD43416;|;;;;;;;
172;S;.;0.024675;QHD43416;|;;;;;;;
173;Q;.;0.027561;QHD43416;|;;;;;;;
174;P;.;0.173213;QHD43416;|;;;;;;;
175;F;S;0.780823;QHD43416;|;;;;;;;
176;L;S;0.54027;QHD43416;|;;;;;;;
177;M;S;0.956662;QHD43416;|;;;;;;;
178;D;.;0.160362;QHD43416;|;;;;;;;
179;L;S;0.971055;QHD43416;|;;;;;;;
180;E;.;0.022972;QHD43416;|;;;;;;;
181;G;.;0.103266;QHD43416;|;;;;;;;
182;K;.;0.102818;QHD43416;|;;;;;;;
183;Q;.;0.038454;QHD43416;|;;;;;;;
184;G;.;0.031436;QHD43416;|;;;;;;;
185;N;.;0.035776;QHD43416;|;;;;;;;
186;F;S;0.517043;QHD43416;|;;;;;;;
187;K;.;0.192329;QHD43416;|;;;;;;;
188;N;.;0.031227;QHD43416;|;;;;;;;
189;L;S;0.545681;QHD43416;|;;;;;;;
190;R;.;0.164196;QHD43416;|;;;;;;;
191;E;.;0.024391;QHD43416;|;;;;;;;
192;F;S;0.53536;QHD43416;|;;;;;;;
193;V;.;0.080229;QHD43416;|;;;;;;;
194;F;.;0.133695;QHD43416;|;;;;;;;
195;K;.;0.231776;QHD43416;|;;;;;;;
196;N;.;0.038973;QHD43416;|;;;;;;;
197;I;S;0.59828;QHD43416;|;;;;;;;
198;D;.;0.027893;QHD43416;|;;;;;;;
199;G;.;0.027027;QHD43416;|;;;;;;;
200;Y;.;0.409267;QHD43416;|;;;;;;;
201;F;S;0.874938;QHD43416;|;;;;;;;
202;K;.;0.140719;QHD43416;|;;;;;;;
203;I;S;0.909646;QHD43416;|;;;;;;;
204;Y;S;0.966376;QHD43416;|;;;;;;;
205;S;.;0.027816;QHD43416;|;;;;;;;
206;K;S;0.898088;QHD43416;|;;;;;;;
207;H;.;0.124355;QHD43416;|;;;;;;;
208;T;.;0.04374;QHD43416;|;;;;;;;
209;P;.;0.02378;QHD43416;|;;;;;;;
210;I;S;0.961623;QHD43416;|;;;;;;;
211;N;.;0.05694;QHD43416;|;;;;;;;
212;L;S;0.937212;QHD43416;|;;;;;;;
213;V;S;0.945771;QHD43416;|;;;;;;;
214;R;S;0.966627;QHD43416;|;;;;;;;
215;D;.;0.04818;QHD43416;|;;;;;;;
216;L;S;0.610214;QHD43416;|;;;;;;;
217;P;.;0.029773;QHD43416;|;;;;;;;
218;Q;.;0.046689;QHD43416;|;;;;;;;
219;G;.;0.134658;QHD43416;|;;;;;;;
220;F;S;0.694905;QHD43416;|;;;;;;;
221;S;.;0.083095;QHD43416;|;;;;;;;
222;A;S;0.786211;QHD43416;|;;;;;;;
223;L;S;0.977006;QHD43416;|;;;;;;;
224;E;.;0.10663;QHD43416;|;;;;;;;
225;P;.;0.049353;QHD43416;|;;;;;;;
226;L;.;0.422196;QHD43416;|;;;;;;;
227;V;.;0.385841;QHD43416;|;;;;;;;
228;D;.;0.022636;QHD43416;|;;;;;;;
229;L;S;0.896315;QHD43416;|;;;;;;;
230;P;.;0.023689;QHD43416;|;;;;;;;
231;I;.;0.308282;QHD43416;|;;;;;;;
232;G;.;0.02784;QHD43416;|;;;;;;;
233;I;S;0.807887;QHD43416;|;;;;;;;
234;N;.;0.037007;QHD43416;|;;;;;;;
235;I;.;0.475049;QHD43416;|;;;;;;;
236;T;.;0.353508;QHD43416;|;;;;;;;
237;R;S;0.951313;QHD43416;|;;;;;;;
238;F;S;0.877687;QHD43416;|;;;;;;;
239;Q;.;0.027148;QHD43416;|;;;;;;;
240;T;.;0.050391;QHD43416;|;;;;;;;
241;L;S;0.910617;QHD43416;|;;;;;;;
242;L;S;0.949805;QHD43416;|;;;;;;;
243;A;S;0.594034;QHD43416;|;;;;;;;
244;L;S;0.97518;QHD43416;|;;;;;;;
245;H;.;0.118218;QHD43416;|;;;;;;;
246;R;.;0.448955;QHD43416;|;;;;;;;
247;S;.;0.208955;QHD43416;|;;;;;;;
248;Y;S;0.976454;QHD43416;|;;;;;;;
249;L;S;0.912153;QHD43416;|;;;;;;;
250;T;.;0.098127;QHD43416;|;;;;;;;
251;P;.;0.276595;QHD43416;|;;;;;;;
252;G;.;0.248638;QHD43416;|;;;;;;;
253;D;.;0.084714;QHD43416;|;;;;;;;
254;S;.;0.044217;QHD43416;|;;;;;;;
255;S;.;0.07965;QHD43416;|;;;;;;;
256;S;.;0.227507;QHD43416;|;;;;;;;
257;G;.;0.125744;QHD43416;|;;;;;;;
258;W;S;0.933329;QHD43416;|;;;;;;;
259;T;.;0.026952;QHD43416;|;;;;;;;
260;A;.;0.104602;QHD43416;|;;;;;;;
261;G;.;0.050547;QHD43416;|;;;;;;;
262;A;S;0.51966;QHD43416;|;;;;;;;
263;A;.;0.032003;QHD43416;|;;;;;;;
264;A;.;0.277078;QHD43416;|;;;;;;;
265;Y;S;0.869236;QHD43416;|;;;;;;;
266;Y;S;0.733878;QHD43416;|;;;;;;;
267;V;.;0.305151;QHD43416;|;;;;;;;
268;G;.;0.04992;QHD43416;|;;;;;;;
269;Y;S;0.760768;QHD43416;|;;;;;;;
270;L;S;0.613298;QHD43416;|;;;;;;;
271;Q;.;0.031937;QHD43416;|;;;;;;;
272;P;.;0.127277;QHD43416;|;;;;;;;
273;R;.;0.423548;QHD43416;|;;;;;;;
274;T;.;0.027967;QHD43416;|;;;;;;;
275;F;S;0.656404;QHD43416;|;;;;;;;
276;L;S;0.898144;QHD43416;|;;;;;;;
277;L;S;0.977383;QHD43416;|;;;;;;;
278;K;S;0.735759;QHD43416;|;;;;;;;
279;Y;S;0.973363;QHD43416;|;;;;;;;
280;N;.;0.049027;QHD43416;|;;;;;;;
281;E;.;0.025519;QHD43416;|;;;;;;;
282;N;.;0.031367;QHD43416;|;;;;;;;
283;G;.;0.033279;QHD43416;|;;;;;;;
284;T;.;0.028683;QHD43416;|;;;;;;;
285;I;.;0.379943;QHD43416;|;;;;;;;
286;T;.;0.145934;QHD43416;|;;;;;;;
287;D;.;0.22146;QHD43416;|;;;;;;;
288;A;S;0.612503;QHD43416;|;;;;;;;
289;V;S;0.742994;QHD43416;|;;;;;;;
290;D;.;0.037106;QHD43416;|;;;;;;;
291;C;.;0.065535;QHD43416;|;;;;;;;
292;A;.;0.124278;QHD43416;|;;;;;;;
293;L;S;0.870849;QHD43416;|;;;;;;;
294;D;.;0.026365;QHD43416;|;;;;;;;
295;P;.;0.026421;QHD43416;|;;;;;;;
296;L;S;0.841619;QHD43416;|;;;;;;;
297;S;.;0.024552;QHD43416;|;;;;;;;
298;E;.;0.026152;QHD43416;|;;;;;;;
299;T;.;0.403456;QHD43416;|;;;;;;;
300;K;S;0.969755;QHD43416;|;;;;;;;
301;C;.;0.040213;QHD43416;|;;;;;;;
302;T;.;0.050017;QHD43416;|;;;;;;;
303;L;S;0.967991;QHD43416;|;;;;;;;
304;K;S;0.891918;QHD43416;|;;;;;;;
305;S;.;0.057188;QHD43416;|;;;;;;;
306;F;.;0.294893;QHD43416;|;;;;;;;
307;T;.;0.02317;QHD43416;|;;;;;;;
308;V;S;0.674747;QHD43416;|;;;;;;;
309;E;.;0.029934;QHD43416;|;;;;;;;
310;K;S;0.961625;QHD43416;|;;;;;;;
311;G;.;0.026607;QHD43416;|;;;;;;;
312;I;.;0.34918;QHD43416;|;;;;;;;
313;Y;S;0.780913;QHD43416;|;;;;;;;
314;Q;.;0.041508;QHD43416;|;;;;;;;
315;T;.;0.239273;QHD43416;|;;;;;;;
316;S;.;0.219011;QHD43416;|;;;;;;;
317;N;.;0.094411;QHD43416;|;;;;;;;
318;F;S;0.537386;QHD43416;|;;;;;;;
319;R;S;0.586621;QHD43416;|;;;;;;;
320;V;S;0.911816;QHD43416;|;;;;;;;
321;Q;.;0.025856;QHD43416;|;;;;;;;
322;P;.;0.060136;QHD43416;|;;;;;;;
323;T;.;0.035802;QHD43416;|;;;;;;;
324;E;.;0.062542;QHD43416;|;;;;;;;
325;S;.;0.025036;QHD43416;|;;;;;;;
326;I;S;0.839962;QHD43416;|;;;;;;;
327;V;S;0.757349;QHD43416;|;;;;;;;
328;R;.;0.114228;QHD43416;|;;;;;;;
329;F;S;0.942195;QHD43416;|;;;;;;;
330;P;.;0.02478;QHD43416;|;;;;;;;
331;N;.;0.031493;QHD43416;|;;;;;;;
332;I;.;0.160544;QHD43416;|;;;;;;;
333;T;.;0.399969;QHD43416;|;;;;;;;
334;N;.;0.088547;QHD43416;|;;;;;;;
335;L;S;0.976336;QHD43416;|;;;;;;;
336;C;.;0.043462;QHD43416;|;;;;;;;
337;P;.;0.045318;QHD43416;|;;;;;;;
338;F;.;0.180298;QHD43416;|;;;;;;;
339;G;.;0.024152;QHD43416;|;;;;;;;
340;E;.;0.022411;QHD43416;|;;;;;;;
341;V;S;0.614174;QHD43416;|;;;;;;;
342;F;S;0.857558;QHD43416;|;;;;;;;
343;N;.;0.025548;QHD43416;|;;;;;;;
344;A;.;0.338533;QHD43416;|;;;;;;;
345;T;.;0.052473;QHD43416;|;;;;;;;
346;R;.;0.230606;QHD43416;|;;;;;;;
347;F;S;0.732818;QHD43416;|;;;;;;;
348;A;.;0.053213;QHD43416;|;;;;;;;
349;S;.;0.022644;QHD43416;|;;;;;;;
350;V;.;0.349105;QHD43416;|;;;;;;;
351;Y;S;0.934173;QHD43416;|;;;;;;;
352;A;.;0.2996;QHD43416;|;;;;;;;
353;W;S;0.972381;QHD43416;|;;;;;;;
354;N;.;0.023357;QHD43416;|;;;;;;;
355;R;.;0.096643;QHD43416;|;;;;;;;
356;K;.;0.40396;QHD43416;|;;;;;;;
357;R;.;0.312538;QHD43416;|;;;;;;;
358;I;.;0.439016;QHD43416;|;;;;;;;
359;S;.;0.042406;QHD43416;|;;;;;;;
360;N;.;0.028531;QHD43416;|;;;;;;;
361;C;.;0.023325;QHD43416;|;;;;;;;
362;V;S;0.853884;QHD43416;|;;;;;;;
363;A;.;0.070689;QHD43416;|;;;;;;;
364;D;.;0.042755;QHD43416;|;;;;;;;
365;Y;S;0.929183;QHD43416;|;;;;;;;
366;S;.;0.023326;QHD43416;|;;;;;;;
367;V;.;0.29106;QHD43416;|;;;;;;;
368;L;.;0.233447;QHD43416;|;;;;;;;
369;Y;S;0.976445;QHD43416;|;;;;;;;
370;N;.;0.027018;QHD43416;|;;;;;;;
371;S;.;0.040761;QHD43416;|;;;;;;;
372;A;S;0.67423;QHD43416;|;;;;;;;
373;S;.;0.031836;QHD43416;|;;;;;;;
374;F;S;0.932765;QHD43416;|;;;;;;;
375;S;.;0.037047;QHD43416;|;;;;;;;
376;T;.;0.269702;QHD43416;|;;;;;;;
377;F;S;0.942482;QHD43416;|;;;;;;;
378;K;S;0.545591;QHD43416;|;;;;;;;
379;C;.;0.097443;QHD43416;|;;;;;;;
380;Y;S;0.958702;QHD43416;|;;;;;;;
381;G;.;0.037174;QHD43416;|;;;;;;;
382;V;S;0.73509;QHD43416;|;;;;;;;
383;S;.;0.03055;QHD43416;|;;;;;;;
384;P;.;0.029646;QHD43416;|;;;;;;;
385;T;.;0.027973;QHD43416;|;;;;;;;
386;K;S;0.885177;QHD43416;|;;;;;;;
387;L;S;0.837095;QHD43416;|;;;;;;;
388;N;.;0.033965;QHD43416;|;;;;;;;
389;D;.;0.032667;QHD43416;|;;;;;;;
390;L;S;0.874231;QHD43416;|;;;;;;;
391;C;.;0.026467;QHD43416;|;;;;;;;
392;F;.;0.189438;QHD43416;|;;;;;;;
393;T;.;0.028937;QHD43416;|;;;;;;;
394;N;.;0.080748;QHD43416;|;;;;;;;
395;V;.;0.40392;QHD43416;|;;;;;;;
396;Y;S;0.890388;QHD43416;|;;;;;;;
397;A;.;0.215423;QHD43416;|;;;;;;;
398;D;.;0.041924;QHD43416;|;;;;;;;
399;S;.;0.029915;QHD43416;|;;;;;;;
400;F;.;0.379961;QHD43416;|;;;;;;;
401;V;.;0.050684;QHD43416;|;;;;;;;
402;I;S;0.941714;QHD43416;|;;;;;;;
403;R;.;0.454127;QHD43416;|;;;;;;;
404;G;.;0.267751;QHD43416;|;;;;;;;
405;D;.;0.071788;QHD43416;|;;;;;;;
406;E;.;0.023851;QHD43416;|;;;;;;;
407;V;.;0.257482;QHD43416;|;;;;;;;
408;R;S;0.67684;QHD43416;|;;;;;;;
409;Q;.;0.084036;QHD43416;|;;;;;;;
410;I;S;0.867371;QHD43416;|;;;;;;;
411;A;.;0.117133;QHD43416;|;;;;;;;
412;P;.;0.024755;QHD43416;|;;;;;;;
413;G;.;0.208669;QHD43416;|;;;;;;;
414;Q;.;0.025936;QHD43416;|;;;;;;;
415;T;.;0.034176;QHD43416;|;;;;;;;
416;G;.;0.048398;QHD43416;|;;;;;;;
417;K;S;0.775021;QHD43416;|;;;;;;;
418;I;S;0.750857;QHD43416;|;;;;;;;
419;A;.;0.244308;QHD43416;|;;;;;;;
420;D;.;0.024723;QHD43416;|;;;;;;;
421;Y;S;0.972688;QHD43416;|;;;;;;;
422;N;.;0.027906;QHD43416;|;;;;;;;
423;Y;S;0.951082;QHD43416;|;;;;;;;
424;K;S;0.549616;QHD43416;|;;;;;;;
425;L;S;0.966616;QHD43416;|;;;;;;;
426;P;.;0.023461;QHD43416;|;;;;;;;
427;D;.;0.046232;QHD43416;|;;;;;;;
428;D;.;0.023192;QHD43416;|;;;;;;;
429;F;.;0.163622;QHD43416;|;;;;;;;
430;T;.;0.02428;QHD43416;|;;;;;;;
431;G;.;0.040267;QHD43416;|;;;;;;;
432;C;.;0.128679;QHD43416;|;;;;;;;
433;V;S;0.896237;QHD43416;|;;;;;;;
434;I;.;0.270135;QHD43416;|;;;;;;;
435;A;S;0.556856;QHD43416;|;;;;;;;
436;W;S;0.713639;QHD43416;|;;;;;;;
437;N;.;0.040201;QHD43416;|;;;;;;;
438;S;.;0.022688;QHD43416;|;;;;;;;
439;N;.;0.040689;QHD43416;|;;;;;;;
440;N;.;0.034345;QHD43416;|;;;;;;;
441;L;S;0.933601;QHD43416;|;;;;;;;
442;D;.;0.123519;QHD43416;|;;;;;;;
443;S;.;0.026239;QHD43416;|;;;;;;;
444;K;.;0.077061;QHD43416;|;;;;;;;
445;V;.;0.300033;QHD43416;|;;;;;;;
446;G;.;0.024824;QHD43416;|;;;;;;;
447;G;.;0.024447;QHD43416;|;;;;;;;
448;N;.;0.023856;QHD43416;|;;;;;;;
449;Y;S;0.547944;QHD43416;|;;;;;;;
450;N;.;0.025275;QHD43416;|;;;;;;;
451;Y;S;0.961663;QHD43416;|;;;;;;;
452;L;S;0.913248;QHD43416;|;;;;;;;
453;Y;S;0.951831;QHD43416;|;;;;;;;
454;R;.;0.057144;QHD43416;|;;;;;;;
455;L;S;0.970876;QHD43416;|;;;;;;;
456;F;.;0.274143;QHD43416;|;;;;;;;
457;R;.;0.209163;QHD43416;|;;;;;;;
458;K;S;0.751662;QHD43416;|;;;;;;;
459;S;.;0.196396;QHD43416;|;;;;;;;
460;N;.;0.033425;QHD43416;|;;;;;;;
461;L;S;0.941615;QHD43416;|;;;;;;;
462;K;S;0.944026;QHD43416;|;;;;;;;
463;P;.;0.134908;QHD43416;|;;;;;;;
464;F;S;0.881539;QHD43416;|;;;;;;;
465;E;.;0.022774;QHD43416;|;;;;;;;
466;R;S;0.655918;QHD43416;|;;;;;;;
467;D;.;0.040413;QHD43416;|;;;;;;;
468;I;.;0.412536;QHD43416;|;;;;;;;
469;S;.;0.022944;QHD43416;|;;;;;;;
470;T;S;0.707934;QHD43416;|;;;;;;;
471;E;.;0.04258;QHD43416;|;;;;;;;
472;I;S;0.963093;QHD43416;|;;;;;;;
473;Y;S;0.974429;QHD43416;|;;;;;;;
474;Q;.;0.043959;QHD43416;|;;;;;;;
475;A;S;0.842887;QHD43416;|;;;;;;;
476;G;.;0.124931;QHD43416;|;;;;;;;
477;S;.;0.038505;QHD43416;|;;;;;;;
478;T;.;0.025743;QHD43416;|;;;;;;;
479;P;.;0.138742;QHD43416;|;;;;;;;
480;C;.;0.067612;QHD43416;|;;;;;;;
481;N;.;0.026269;QHD43416;|;;;;;;;
482;G;.;0.024146;QHD43416;|;;;;;;;
483;V;S;0.719307;QHD43416;|;;;;;;;
484;E;.;0.02454;QHD43416;|;;;;;;;
485;G;.;0.092643;QHD43416;|;;;;;;;
486;F;S;0.830585;QHD43416;|;;;;;;;
487;N;.;0.024728;QHD43416;|;;;;;;;
488;C;.;0.023785;QHD43416;|;;;;;;;
489;Y;S;0.938068;QHD43416;|;;;;;;;
490;F;S;0.715556;QHD43416;|;;;;;;;
491;P;.;0.032166;QHD43416;|;;;;;;;
492;L;S;0.891446;QHD43416;|;;;;;;;
493;Q;.;0.123204;QHD43416;|;;;;;;;
494;S;.;0.02524;QHD43416;|;;;;;;;
495;Y;S;0.957212;QHD43416;|;;;;;;;
496;G;.;0.182524;QHD43416;|;;;;;;;
497;F;S;0.934259;QHD43416;|;;;;;;;
498;Q;.;0.031542;QHD43416;|;;;;;;;
499;P;.;0.058411;QHD43416;|;;;;;;;
500;T;.;0.060322;QHD43416;|;;;;;;;
501;N;.;0.128911;QHD43416;|;;;;;;;
502;G;.;0.051163;QHD43416;|;;;;;;;
503;V;S;0.818161;QHD43416;|;;;;;;;
504;G;.;0.041092;QHD43416;|;;;;;;;
505;Y;S;0.591896;QHD43416;|;;;;;;;
506;Q;.;0.060986;QHD43416;|;;;;;;;
507;P;.;0.030645;QHD43416;|;;;;;;;
508;Y;S;0.529145;QHD43416;|;;;;;;;
509;R;.;0.068989;QHD43416;|;;;;;;;
510;V;.;0.293149;QHD43416;|;;;;;;;
511;V;.;0.454682;QHD43416;|;;;;;;;
512;V;S;0.935287;QHD43416;|;;;;;;;
513;L;S;0.971434;QHD43416;|;;;;;;;
514;S;.;0.485498;QHD43416;|;;;;;;;
515;F;S;0.971825;QHD43416;|;;;;;;;
516;E;.;0.039258;QHD43416;|;;;;;;;
517;L;S;0.955925;QHD43416;|;;;;;;;
518;L;S;0.795385;QHD43416;|;;;;;;;
519;H;.;0.261109;QHD43416;|;;;;;;;
520;A;S;0.521399;QHD43416;|;;;;;;;
521;P;.;0.0704;QHD43416;|;;;;;;;
522;A;S;0.531674;QHD43416;|;;;;;;;
523;T;.;0.030634;QHD43416;|;;;;;;;
524;V;S;0.976159;QHD43416;|;;;;;;;
525;C;.;0.049729;QHD43416;|;;;;;;;
526;G;.;0.03557;QHD43416;|;;;;;;;
527;P;.;0.032316;QHD43416;|;;;;;;;
528;K;S;0.878392;QHD43416;|;;;;;;;
529;K;.;0.357863;QHD43416;|;;;;;;;
530;S;.;0.024726;QHD43416;|;;;;;;;
531;T;.;0.046664;QHD43416;|;;;;;;;
532;N;.;0.024418;QHD43416;|;;;;;;;
533;L;.;0.444163;QHD43416;|;;;;;;;
534;V;S;0.940462;QHD43416;|;;;;;;;
535;K;.;0.423788;QHD43416;|;;;;;;;
536;N;.;0.040119;QHD43416;|;;;;;;;
537;K;.;0.346443;QHD43416;|;;;;;;;
538;C;.;0.028122;QHD43416;|;;;;;;;
539;V;.;0.153159;QHD43416;|;;;;;;;
540;N;.;0.026624;QHD43416;|;;;;;;;
541;F;S;0.937194;QHD43416;|;;;;;;;
542;N;.;0.024089;QHD43416;|;;;;;;;
543;F;S;0.757597;QHD43416;|;;;;;;;
544;N;.;0.025718;QHD43416;|;;;;;;;
545;G;.;0.033694;QHD43416;|;;;;;;;
546;L;S;0.888456;QHD43416;|;;;;;;;
547;T;.;0.058329;QHD43416;|;;;;;;;
548;G;.;0.053432;QHD43416;|;;;;;;;
549;T;.;0.045498;QHD43416;|;;;;;;;
550;G;.;0.05159;QHD43416;|;;;;;;;
551;V;.;0.186886;QHD43416;|;;;;;;;
552;L;S;0.901713;QHD43416;|;;;;;;;
553;T;S;0.58322;QHD43416;|;;;;;;;
554;E;.;0.047247;QHD43416;|;;;;;;;
555;S;.;0.057212;QHD43416;|;;;;;;;
556;N;.;0.028469;QHD43416;|;;;;;;;
557;K;.;0.280517;QHD43416;|;;;;;;;
558;K;S;0.924341;QHD43416;|;;;;;;;
559;F;S;0.881424;QHD43416;|;;;;;;;
560;L;.;0.150603;QHD43416;|;;;;;;;
561;P;.;0.034277;QHD43416;|;;;;;;;
562;F;S;0.885988;QHD43416;|;;;;;;;
563;Q;.;0.060665;QHD43416;|;;;;;;;
564;Q;.;0.067237;QHD43416;|;;;;;;;
565;F;S;0.956699;QHD43416;|;;;;;;;
566;G;.;0.03935;QHD43416;|;;;;;;;
567;R;S;0.876631;QHD43416;|;;;;;;;
568;D;.;0.283545;QHD43416;|;;;;;;;
569;I;.;0.231559;QHD43416;|;;;;;;;
570;A;.;0.031266;QHD43416;|;;;;;;;
571;D;.;0.04825;QHD43416;|;;;;;;;
572;T;.;0.029488;QHD43416;|;;;;;;;
573;T;.;0.079308;QHD43416;|;;;;;;;
574;D;.;0.462736;QHD43416;|;;;;;;;
575;A;S;0.519556;QHD43416;|;;;;;;;
576;V;S;0.861789;QHD43416;|;;;;;;;
577;R;.;0.427339;QHD43416;|;;;;;;;
578;D;.;0.02736;QHD43416;|;;;;;;;
579;P;.;0.048745;QHD43416;|;;;;;;;
580;Q;.;0.024841;QHD43416;|;;;;;;;
581;T;.;0.031073;QHD43416;|;;;;;;;
582;L;S;0.954708;QHD43416;|;;;;;;;
583;E;.;0.058856;QHD43416;|;;;;;;;
584;I;S;0.880041;QHD43416;|;;;;;;;
585;L;S;0.895213;QHD43416;|;;;;;;;
586;D;.;0.04375;QHD43416;|;;;;;;;
587;I;S;0.837386;QHD43416;|;;;;;;;
588;T;.;0.040725;QHD43416;|;;;;;;;
589;P;.;0.075832;QHD43416;|;;;;;;;
590;C;.;0.06616;QHD43416;|;;;;;;;
591;S;.;0.034406;QHD43416;|;;;;;;;
592;F;S;0.962541;QHD43416;|;;;;;;;
593;G;.;0.043355;QHD43416;|;;;;;;;
594;G;.;0.038769;QHD43416;|;;;;;;;
595;V;.;0.449082;QHD43416;|;;;;;;;
596;S;.;0.077186;QHD43416;|;;;;;;;
597;V;.;0.436263;QHD43416;|;;;;;;;
598;I;S;0.824393;QHD43416;|;;;;;;;
599;T;.;0.073815;QHD43416;|;;;;;;;
600;P;.;0.027749;QHD43416;|;;;;;;;
601;G;.;0.127145;QHD43416;|;;;;;;;
602;T;.;0.124678;QHD43416;|;;;;;;;
603;N;.;0.029702;QHD43416;|;;;;;;;
604;T;.;0.030591;QHD43416;|;;;;;;;
605;S;.;0.194555;QHD43416;|;;;;;;;
606;N;.;0.076122;QHD43416;|;;;;;;;
607;Q;.;0.104406;QHD43416;|;;;;;;;
608;V;S;0.811084;QHD43416;|;;;;;;;
609;A;.;0.179346;QHD43416;|;;;;;;;
610;V;.;0.187925;QHD43416;|;;;;;;;
611;L;S;0.931139;QHD43416;|;;;;;;;
612;Y;S;0.943952;QHD43416;|;;;;;;;
613;Q;.;0.041722;QHD43416;|;;;;;;;
614;D;.;0.042287;QHD43416;|;;;;;;;
615;V;S;0.594457;QHD43416;|;;;;;;;
616;N;.;0.025949;QHD43416;|;;;;;;;
617;C;.;0.02661;QHD43416;|;;;;;;;
618;T;.;0.077863;QHD43416;|;;;;;;;
619;E;.;0.038287;QHD43416;|;;;;;;;
620;V;S;0.586963;QHD43416;|;;;;;;;
621;P;.;0.024843;QHD43416;|;;;;;;;
622;V;S;0.73539;QHD43416;|;;;;;;;
623;A;.;0.059949;QHD43416;|;;;;;;;
624;I;S;0.812415;QHD43416;|;;;;;;;
625;H;.;0.078649;QHD43416;|;;;;;;;
626;A;S;0.674355;QHD43416;|;;;;;;;
627;D;.;0.152677;QHD43416;|;;;;;;;
628;Q;.;0.236986;QHD43416;|;;;;;;;
629;L;.;0.216038;QHD43416;|;;;;;;;
630;T;.;0.023731;QHD43416;|;;;;;;;
631;P;.;0.033759;QHD43416;|;;;;;;;
632;T;.;0.089186;QHD43416;|;;;;;;;
633;W;S;0.948141;QHD43416;|;;;;;;;
634;R;.;0.162466;QHD43416;|;;;;;;;
635;V;S;0.874518;QHD43416;|;;;;;;;
636;Y;S;0.966091;QHD43416;|;;;;;;;
637;S;.;0.046012;QHD43416;|;;;;;;;
638;T;.;0.364889;QHD43416;|;;;;;;;
639;G;.;0.250831;QHD43416;|;;;;;;;
640;S;.;0.02865;QHD43416;|;;;;;;;
641;N;.;0.036871;QHD43416;|;;;;;;;
642;V;S;0.627938;QHD43416;|;;;;;;;
643;F;S;0.972095;QHD43416;|;;;;;;;
644;Q;.;0.048749;QHD43416;|;;;;;;;
645;T;.;0.08997;QHD43416;|;;;;;;;
646;R;S;0.876319;QHD43416;|;;;;;;;
647;A;.;0.452097;QHD43416;|;;;;;;;
648;G;.;0.034959;QHD43416;|;;;;;;;
649;C;.;0.027013;QHD43416;|;;;;;;;
650;L;.;0.203286;QHD43416;|;;;;;;;
651;I;.;0.204289;QHD43416;|;;;;;;;
652;G;.;0.031568;QHD43416;|;;;;;;;
653;A;.;0.245638;QHD43416;|;;;;;;;
654;E;.;0.023732;QHD43416;|;;;;;;;
655;H;.;0.036455;QHD43416;|;;;;;;;
656;V;S;0.53647;QHD43416;|;;;;;;;
657;N;.;0.065337;QHD43416;|;;;;;;;
658;N;.;0.030596;QHD43416;|;;;;;;;
659;S;.;0.053268;QHD43416;|;;;;;;;
660;Y;S;0.976867;QHD43416;|;;;;;;;
661;E;.;0.037956;QHD43416;|;;;;;;;
662;C;.;0.148534;QHD43416;|;;;;;;;
663;D;.;0.023233;QHD43416;|;;;;;;;
664;I;.;0.051212;QHD43416;|;;;;;;;
665;P;.;0.022586;QHD43416;|;;;;;;;
666;I;.;0.204756;QHD43416;|;;;;;;;
667;G;.;0.031539;QHD43416;|;;;;;;;
668;A;.;0.265054;QHD43416;|;;;;;;;
669;G;.;0.033526;QHD43416;|;;;;;;;
670;I;S;0.720137;QHD43416;|;;;;;;;
671;C;.;0.033237;QHD43416;|;;;;;;;
672;A;S;0.773203;QHD43416;|;;;;;;;
673;S;.;0.060236;QHD43416;|;;;;;;;
674;Y;S;0.975982;QHD43416;|;;;;;;;
675;Q;.;0.024524;QHD43416;|;;;;;;;
676;T;.;0.106943;QHD43416;|;;;;;;;
677;Q;.;0.076669;QHD43416;|;;;;;;;
678;T;.;0.061322;QHD43416;|;;;;;;;
679;N;.;0.04149;QHD43416;|;;;;;;;
680;S;.;0.05153;QHD43416;|;;;;;;;
681;P;.;0.180825;QHD43416;|;;;;;;;
682;R;S;0.581159;QHD43416;|;;;;;;;
683;R;S;0.820765;QHD43416;|;;;;;;;
684;A;.;0.12346;QHD43416;|;;;;;;;
685;R;.;0.217189;QHD43416;|;;;;;;;
686;S;.;0.035859;QHD43416;|;;;;;;;
687;V;.;0.428918;QHD43416;|;;;;;;;
688;A;S;0.5717;QHD43416;|;;;;;;;
689;S;.;0.025927;QHD43416;|;;;;;;;
690;Q;.;0.049975;QHD43416;|;;;;;;;
691;S;.;0.02583;QHD43416;|;;;;;;;
692;I;S;0.729527;QHD43416;|;;;;;;;
693;I;.;0.250235;QHD43416;|;;;;;;;
694;A;.;0.16391;QHD43416;|;;;;;;;
695;Y;S;0.965641;QHD43416;|;;;;;;;
696;T;.;0.0533;QHD43416;|;;;;;;;
697;M;S;0.964871;QHD43416;|;;;;;;;
698;S;.;0.05214;QHD43416;|;;;;;;;
699;L;S;0.951629;QHD43416;|;;;;;;;
700;G;.;0.029171;QHD43416;|;;;;;;;
701;A;.;0.177209;QHD43416;|;;;;;;;
702;E;.;0.023022;QHD43416;|;;;;;;;
703;N;.;0.027454;QHD43416;|;;;;;;;
704;S;.;0.027161;QHD43416;|;;;;;;;
705;V;S;0.93484;QHD43416;|;;;;;;;
706;A;.;0.12251;QHD43416;|;;;;;;;
707;Y;S;0.956532;QHD43416;|;;;;;;;
708;S;.;0.034144;QHD43416;|;;;;;;;
709;N;.;0.035437;QHD43416;|;;;;;;;
710;N;.;0.026547;QHD43416;|;;;;;;;
711;S;.;0.031526;QHD43416;|;;;;;;;
712;I;S;0.658465;QHD43416;|;;;;;;;
713;A;.;0.106049;QHD43416;|;;;;;;;
714;I;S;0.591009;QHD43416;|;;;;;;;
715;P;.;0.029606;QHD43416;|;;;;;;;
716;T;.;0.028293;QHD43416;|;;;;;;;
717;N;.;0.02914;QHD43416;|;;;;;;;
718;F;.;0.478872;QHD43416;|;;;;;;;
719;T;.;0.034226;QHD43416;|;;;;;;;
720;I;S;0.959198;QHD43416;|;;;;;;;
721;S;.;0.134986;QHD43416;|;;;;;;;
722;V;S;0.976326;QHD43416;|;;;;;;;
723;T;.;0.034065;QHD43416;|;;;;;;;
724;T;.;0.419504;QHD43416;|;;;;;;;
725;E;.;0.029381;QHD43416;|;;;;;;;
726;I;S;0.662504;QHD43416;|;;;;;;;
727;L;S;0.659135;QHD43416;|;;;;;;;
728;P;.;0.024384;QHD43416;|;;;;;;;
729;V;S;0.937416;QHD43416;|;;;;;;;
730;S;.;0.039602;QHD43416;|;;;;;;;
731;M;S;0.640764;QHD43416;|;;;;;;;
732;T;.;0.09526;QHD43416;|;;;;;;;
733;K;S;0.969311;QHD43416;|;;;;;;;
734;T;.;0.249797;QHD43416;|;;;;;;;
735;S;.;0.051433;QHD43416;|;;;;;;;
736;V;S;0.591026;QHD43416;|;;;;;;;
737;D;.;0.032349;QHD43416;|;;;;;;;
738;C;.;0.031838;QHD43416;|;;;;;;;
739;T;.;0.024393;QHD43416;|;;;;;;;
740;M;S;0.958944;QHD43416;|;;;;;;;
741;Y;S;0.964855;QHD43416;|;;;;;;;
742;I;S;0.949276;QHD43416;|;;;;;;;
743;C;.;0.032294;QHD43416;|;;;;;;;
744;G;.;0.029101;QHD43416;|;;;;;;;
745;D;.;0.024766;QHD43416;|;;;;;;;
746;S;.;0.025785;QHD43416;|;;;;;;;
747;T;.;0.042082;QHD43416;|;;;;;;;
748;E;.;0.05209;QHD43416;|;;;;;;;
749;C;.;0.045936;QHD43416;|;;;;;;;
750;S;.;0.034178;QHD43416;|;;;;;;;
751;N;.;0.024889;QHD43416;|;;;;;;;
752;L;S;0.805673;QHD43416;|;;;;;;;
753;L;S;0.713642;QHD43416;|;;;;;;;
754;L;S;0.88785;QHD43416;|;;;;;;;
755;Q;.;0.038201;QHD43416;|;;;;;;;
756;Y;S;0.531642;QHD43416;|;;;;;;;
757;G;.;0.040164;QHD43416;|;;;;;;;
758;S;.;0.031893;QHD43416;|;;;;;;;
759;F;S;0.934105;QHD43416;|;;;;;;;
760;C;.;0.025497;QHD43416;|;;;;;;;
761;T;.;0.14434;QHD43416;|;;;;;;;
762;Q;.;0.291469;QHD43416;|;;;;;;;
763;L;S;0.974012;QHD43416;|;;;;;;;
764;N;.;0.033214;QHD43416;|;;;;;;;
765;R;S;0.621742;QHD43416;|;;;;;;;
766;A;.;0.054901;QHD43416;|;;;;;;;
767;L;.;0.080696;QHD43416;|;;;;;;;
768;T;.;0.027272;QHD43416;|;;;;;;;
769;G;.;0.050751;QHD43416;|;;;;;;;
770;I;S;0.820934;QHD43416;|;;;;;;;
771;A;.;0.041726;QHD43416;|;;;;;;;
772;V;S;0.921762;QHD43416;|;;;;;;;
773;E;.;0.062063;QHD43416;|;;;;;;;
774;Q;S;0.50961;QHD43416;|;;;;;;;
775;D;.;0.034366;QHD43416;|;;;;;;;
776;K;.;0.109511;QHD43416;|;;;;;;;
777;N;.;0.022672;QHD43416;|;;;;;;;
778;T;.;0.029044;QHD43416;|;;;;;;;
779;Q;.;0.045122;QHD43416;|;;;;;;;
780;E;.;0.039915;QHD43416;|;;;;;;;
781;V;S;0.716105;QHD43416;|;;;;;;;
782;F;.;0.469842;QHD43416;|;;;;;;;
783;A;.;0.048004;QHD43416;|;;;;;;;
784;Q;.;0.026195;QHD43416;|;;;;;;;
785;V;S;0.921532;QHD43416;|;;;;;;;
786;K;S;0.796296;QHD43416;|;;;;;;;
787;Q;.;0.050801;QHD43416;|;;;;;;;
788;I;S;0.72725;QHD43416;|;;;;;;;
789;Y;S;0.898877;QHD43416;|;;;;;;;
790;K;.;0.221998;QHD43416;|;;;;;;;
791;T;.;0.07722;QHD43416;|;;;;;;;
792;P;.;0.048013;QHD43416;|;;;;;;;
793;P;.;0.026783;QHD43416;|;;;;;;;
794;I;.;0.100926;QHD43416;|;;;;;;;
795;K;S;0.689289;QHD43416;|;;;;;;;
796;D;.;0.085005;QHD43416;|;;;;;;;
797;F;S;0.916541;QHD43416;|;;;;;;;
798;G;.;0.024376;QHD43416;|;;;;;;;
799;G;.;0.163149;QHD43416;|;;;;;;;
800;F;S;0.960693;QHD43416;|;;;;;;;
801;N;.;0.043026;QHD43416;|;;;;;;;
802;F;S;0.868801;QHD43416;|;;;;;;;
803;S;.;0.379536;QHD43416;|;;;;;;;
804;Q;S;0.567773;QHD43416;|;;;;;;;
805;I;S;0.778304;QHD43416;|;;;;;;;
806;L;S;0.922433;QHD43416;|;;;;;;;
807;P;.;0.121314;QHD43416;|;;;;;;;
808;D;.;0.040546;QHD43416;|;;;;;;;
809;P;.;0.035484;QHD43416;|;;;;;;;
810;S;.;0.025929;QHD43416;|;;;;;;;
811;K;.;0.375545;QHD43416;|;;;;;;;
812;P;.;0.146994;QHD43416;|;;;;;;;
813;S;S;0.665937;QHD43416;|;;;;;;;
814;K;S;0.944344;QHD43416;|;;;;;;;
815;R;.;0.32952;QHD43416;|;;;;;;;
816;S;.;0.296866;QHD43416;|;;;;;;;
817;F;.;0.388494;QHD43416;|;;;;;;;
818;I;.;0.07716;QHD43416;|;;;;;;;
819;E;.;0.062909;QHD43416;|;;;;;;;
820;D;.;0.028642;QHD43416;|;;;;;;;
821;L;S;0.745879;QHD43416;|;;;;;;;
822;L;S;0.581771;QHD43416;|;;;;;;;
823;F;S;0.593781;QHD43416;|;;;;;;;
824;N;.;0.025937;QHD43416;|;;;;;;;
825;K;.;0.473942;QHD43416;|;;;;;;;
826;V;S;0.956834;QHD43416;|;;;;;;;
827;T;.;0.040968;QHD43416;|;;;;;;;
828;L;S;0.934506;QHD43416;|;;;;;;;
829;A;S;0.859019;QHD43416;|;;;;;;;
830;D;.;0.037377;QHD43416;|;;;;;;;
831;A;.;0.045307;QHD43416;|;;;;;;;
832;G;.;0.024764;QHD43416;|;;;;;;;
833;F;.;0.413337;QHD43416;|;;;;;;;
834;I;.;0.077645;QHD43416;|;;;;;;;
835;K;S;0.948223;QHD43416;|;;;;;;;
836;Q;S;0.588419;QHD43416;|;;;;;;;
837;Y;S;0.967721;QHD43416;|;;;;;;;
838;G;.;0.056068;QHD43416;|;;;;;;;
839;D;.;0.077344;QHD43416;|;;;;;;;
840;C;.;0.023169;QHD43416;|;;;;;;;
841;L;.;0.102499;QHD43416;|;;;;;;;
842;G;.;0.031881;QHD43416;|;;;;;;;
843;D;.;0.041638;QHD43416;|;;;;;;;
844;I;.;0.368654;QHD43416;|;;;;;;;
845;A;.;0.063171;QHD43416;|;;;;;;;
846;A;.;0.069845;QHD43416;|;;;;;;;
847;R;.;0.076953;QHD43416;|;;;;;;;
848;D;.;0.068127;QHD43416;|;;;;;;;
849;L;.;0.39812;QHD43416;|;;;;;;;
850;I;.;0.08872;QHD43416;|;;;;;;;
851;C;.;0.023156;QHD43416;|;;;;;;;
852;A;.;0.096552;QHD43416;|;;;;;;;
853;Q;.;0.087124;QHD43416;|;;;;;;;
854;K;S;0.960105;QHD43416;|;;;;;;;
855;F;S;0.585716;QHD43416;|;;;;;;;
856;N;.;0.025846;QHD43416;|;;;;;;;
857;G;.;0.027668;QHD43416;|;;;;;;;
858;L;.;0.36922;QHD43416;|;;;;;;;
859;T;.;0.038104;QHD43416;|;;;;;;;
860;V;S;0.873655;QHD43416;|;;;;;;;
861;L;S;0.923808;QHD43416;|;;;;;;;
862;P;.;0.072946;QHD43416;|;;;;;;;
863;P;.;0.028974;QHD43416;|;;;;;;;
864;L;S;0.712238;QHD43416;|;;;;;;;
865;L;S;0.874781;QHD43416;|;;;;;;;
866;T;.;0.033495;QHD43416;|;;;;;;;
867;D;.;0.076017;QHD43416;|;;;;;;;
868;E;.;0.071222;QHD43416;|;;;;;;;
869;M;S;0.8939;QHD43416;|;;;;;;;
870;I;.;0.462685;QHD43416;|;;;;;;;
871;A;.;0.32415;QHD43416;|;;;;;;;
872;Q;.;0.071681;QHD43416;|;;;;;;;
873;Y;S;0.972272;QHD43416;|;;;;;;;
874;T;.;0.030895;QHD43416;|;;;;;;;
875;S;.;0.061899;QHD43416;|;;;;;;;
876;A;S;0.508222;QHD43416;|;;;;;;;
877;L;S;0.929546;QHD43416;|;;;;;;;
878;L;S;0.810349;QHD43416;|;;;;;;;
879;A;.;0.077864;QHD43416;|;;;;;;;
880;G;.;0.042085;QHD43416;|;;;;;;;
881;T;.;0.029564;QHD43416;|;;;;;;;
882;I;.;0.140938;QHD43416;|;;;;;;;
883;T;.;0.066206;QHD43416;|;;;;;;;
884;S;.;0.266928;QHD43416;|;;;;;;;
885;G;.;0.241187;QHD43416;|;;;;;;;
886;W;S;0.828235;QHD43416;|;;;;;;;
887;T;.;0.03001;QHD43416;|;;;;;;;
888;F;S;0.74892;QHD43416;|;;;;;;;
889;G;.;0.094778;QHD43416;|;;;;;;;
890;A;S;0.819413;QHD43416;|;;;;;;;
891;G;.;0.071383;QHD43416;|;;;;;;;
892;A;.;0.327067;QHD43416;|;;;;;;;
893;A;.;0.061859;QHD43416;|;;;;;;;
894;L;S;0.822451;QHD43416;|;;;;;;;
895;Q;.;0.023342;QHD43416;|;;;;;;;
896;I;.;0.136952;QHD43416;|;;;;;;;
897;P;.;0.024595;QHD43416;|;;;;;;;
898;F;.;0.108552;QHD43416;|;;;;;;;
899;A;.;0.033441;QHD43416;|;;;;;;;
900;M;S;0.770697;QHD43416;|;;;;;;;
901;Q;.;0.228864;QHD43416;|;;;;;;;
902;M;S;0.881233;QHD43416;|;;;;;;;
903;A;.;0.129659;QHD43416;|;;;;;;;
904;Y;S;0.969849;QHD43416;|;;;;;;;
905;R;.;0.02954;QHD43416;|;;;;;;;
906;F;.;0.197499;QHD43416;|;;;;;;;
907;N;.;0.022408;QHD43416;|;;;;;;;
908;G;.;0.023449;QHD43416;|;;;;;;;
909;I;.;0.141403;QHD43416;|;;;;;;;
910;G;.;0.030843;QHD43416;|;;;;;;;
911;V;.;0.288981;QHD43416;|;;;;;;;
912;T;S;0.518429;QHD43416;|;;;;;;;
913;Q;.;0.106569;QHD43416;|;;;;;;;
914;N;.;0.028536;QHD43416;|;;;;;;;
915;V;.;0.464076;QHD43416;|;;;;;;;
916;L;S;0.949497;QHD43416;|;;;;;;;
917;Y;S;0.909016;QHD43416;|;;;;;;;
918;E;.;0.036775;QHD43416;|;;;;;;;
919;N;.;0.029505;QHD43416;|;;;;;;;
920;Q;.;0.02507;QHD43416;|;;;;;;;
921;K;.;0.345969;QHD43416;|;;;;;;;
922;L;S;0.651657;QHD43416;|;;;;;;;
923;I;S;0.866936;QHD43416;|;;;;;;;
924;A;.;0.088999;QHD43416;|;;;;;;;
925;N;.;0.03291;QHD43416;|;;;;;;;
926;Q;.;0.034285;QHD43416;|;;;;;;;
927;F;S;0.662692;QHD43416;|;;;;;;;
928;N;.;0.023382;QHD43416;|;;;;;;;
929;S;.;0.059071;QHD43416;|;;;;;;;
930;A;.;0.349546;QHD43416;|;;;;;;;
931;I;S;0.661922;QHD43416;|;;;;;;;
932;G;.;0.044335;QHD43416;|;;;;;;;
933;K;S;0.654898;QHD43416;|;;;;;;;
934;I;S;0.913581;QHD43416;|;;;;;;;
935;Q;.;0.027114;QHD43416;|;;;;;;;
936;D;.;0.064518;QHD43416;|;;;;;;;
937;S;.;0.06317;QHD43416;|;;;;;;;
938;L;S;0.8507;QHD43416;|;;;;;;;
939;S;.;0.037646;QHD43416;|;;;;;;;
940;S;.;0.048224;QHD43416;|;;;;;;;
941;T;.;0.152599;QHD43416;|;;;;;;;
942;A;S;0.653692;QHD43416;|;;;;;;;
943;S;.;0.084371;QHD43416;|;;;;;;;
944;A;S;0.708064;QHD43416;|;;;;;;;
945;L;S;0.948475;QHD43416;|;;;;;;;
946;G;.;0.045553;QHD43416;|;;;;;;;
947;K;.;0.203923;QHD43416;|;;;;;;;
948;L;S;0.766178;QHD43416;|;;;;;;;
949;Q;.;0.024062;QHD43416;|;;;;;;;
950;D;.;0.029057;QHD43416;|;;;;;;;
951;V;.;0.316727;QHD43416;|;;;;;;;
952;V;.;0.333255;QHD43416;|;;;;;;;
953;N;.;0.038346;QHD43416;|;;;;;;;
954;Q;.;0.037196;QHD43416;|;;;;;;;
955;N;.;0.390622;QHD43416;|;;;;;;;
956;A;.;0.167218;QHD43416;|;;;;;;;
957;Q;.;0.02954;QHD43416;|;;;;;;;
958;A;.;0.458651;QHD43416;|;;;;;;;
959;L;S;0.600474;QHD43416;|;;;;;;;
960;N;.;0.029915;QHD43416;|;;;;;;;
961;T;.;0.027802;QHD43416;|;;;;;;;
962;L;S;0.644207;QHD43416;|;;;;;;;
963;V;.;0.243592;QHD43416;|;;;;;;;
964;K;S;0.966362;QHD43416;|;;;;;;;
965;Q;.;0.19586;QHD43416;|;;;;;;;
966;L;S;0.943025;QHD43416;|;;;;;;;
967;S;.;0.02678;QHD43416;|;;;;;;;
968;S;.;0.068149;QHD43416;|;;;;;;;
969;N;.;0.042392;QHD43416;|;;;;;;;
970;F;.;0.228361;QHD43416;|;;;;;;;
971;G;.;0.031411;QHD43416;|;;;;;;;
972;A;.;0.069086;QHD43416;|;;;;;;;
973;I;S;0.803067;QHD43416;|;;;;;;;
974;S;.;0.045024;QHD43416;|;;;;;;;
975;S;.;0.052221;QHD43416;|;;;;;;;
976;V;S;0.904941;QHD43416;|;;;;;;;
977;L;.;0.490709;QHD43416;|;;;;;;;
978;N;.;0.028867;QHD43416;|;;;;;;;
979;D;.;0.028704;QHD43416;|;;;;;;;
980;I;S;0.798926;QHD43416;|;;;;;;;
981;L;.;0.418824;QHD43416;|;;;;;;;
982;S;.;0.05145;QHD43416;|;;;;;;;
983;R;S;0.753344;QHD43416;|;;;;;;;
984;L;S;0.97061;QHD43416;|;;;;;;;
985;D;.;0.026311;QHD43416;|;;;;;;;
986;K;.;0.113252;QHD43416;|;;;;;;;
987;V;.;0.447484;QHD43416;|;;;;;;;
988;E;.;0.034525;QHD43416;|;;;;;;;
989;A;.;0.213053;QHD43416;|;;;;;;;
990;E;.;0.029859;QHD43416;|;;;;;;;
991;V;S;0.969105;QHD43416;|;;;;;;;
992;Q;.;0.026643;QHD43416;|;;;;;;;
993;I;.;0.271561;QHD43416;|;;;;;;;
994;D;.;0.024025;QHD43416;|;;;;;;;
995;R;S;0.658108;QHD43416;|;;;;;;;
996;L;S;0.500008;QHD43416;|;;;;;;;
997;I;.;0.416883;QHD43416;|;;;;;;;
998;T;.;0.028135;QHD43416;|;;;;;;;
999;G;.;0.117726;QHD43416;|;;;;;;;
1000;R;S;0.663197;QHD43416;|;;;;;;;
1001;L;S;0.921652;QHD43416;|;;;;;;;
1002;Q;.;0.041021;QHD43416;|;;;;;;;
1003;S;.;0.034682;QHD43416;|;;;;;;;
1004;L;S;0.891839;QHD43416;|;;;;;;;
1005;Q;.;0.02913;QHD43416;|;;;;;;;
1006;T;.;0.048198;QHD43416;|;;;;;;;
1007;Y;S;0.962117;QHD43416;|;;;;;;;
1008;V;S;0.748401;QHD43416;|;;;;;;;
1009;T;.;0.075954;QHD43416;|;;;;;;;
1010;Q;.;0.09213;QHD43416;|;;;;;;;
1011;Q;.;0.238855;QHD43416;|;;;;;;;
1012;L;S;0.83313;QHD43416;|;;;;;;;
1013;I;S;0.846957;QHD43416;|;;;;;;;
1014;R;.;0.481206;QHD43416;|;;;;;;;
1015;A;.;0.386661;QHD43416;|;;;;;;;
1016;A;.;0.066948;QHD43416;|;;;;;;;
1017;E;.;0.023338;QHD43416;|;;;;;;;
1018;I;S;0.768889;QHD43416;|;;;;;;;
1019;R;.;0.141956;QHD43416;|;;;;;;;
1020;A;.;0.11725;QHD43416;|;;;;;;;
1021;S;.;0.024755;QHD43416;|;;;;;;;
1022;A;.;0.471833;QHD43416;|;;;;;;;
1023;N;.;0.023983;QHD43416;|;;;;;;;
1024;L;S;0.964218;QHD43416;|;;;;;;;
1025;A;.;0.121699;QHD43416;|;;;;;;;
1026;A;.;0.113098;QHD43416;|;;;;;;;
1027;T;.;0.039329;QHD43416;|;;;;;;;
1028;K;S;0.696234;QHD43416;|;;;;;;;
1029;M;S;0.959289;QHD43416;|;;;;;;;
1030;S;.;0.038261;QHD43416;|;;;;;;;
1031;E;.;0.043905;QHD43416;|;;;;;;;
1032;C;.;0.025332;QHD43416;|;;;;;;;
1033;V;.;0.263389;QHD43416;|;;;;;;;
1034;L;S;0.549871;QHD43416;|;;;;;;;
1035;G;.;0.035102;QHD43416;|;;;;;;;
1036;Q;.;0.052213;QHD43416;|;;;;;;;
1037;S;.;0.041658;QHD43416;|;;;;;;;
1038;K;.;0.419426;QHD43416;|;;;;;;;
1039;R;.;0.072852;QHD43416;|;;;;;;;
1040;V;S;0.925498;QHD43416;|;;;;;;;
1041;D;.;0.028547;QHD43416;|;;;;;;;
1042;F;.;0.290255;QHD43416;|;;;;;;;
1043;C;.;0.022726;QHD43416;|;;;;;;;
1044;G;.;0.033717;QHD43416;|;;;;;;;
1045;K;.;0.46223;QHD43416;|;;;;;;;
1046;G;.;0.280733;QHD43416;|;;;;;;;
1047;Y;S;0.761775;QHD43416;|;;;;;;;
1048;H;.;0.056522;QHD43416;|;;;;;;;
1049;L;S;0.95929;QHD43416;|;;;;;;;
1050;M;S;0.609887;QHD43416;|;;;;;;;
1051;S;.;0.044853;QHD43416;|;;;;;;;
1052;F;S;0.633136;QHD43416;|;;;;;;;
1053;P;.;0.036735;QHD43416;|;;;;;;;
1054;Q;.;0.160366;QHD43416;|;;;;;;;
1055;S;.;0.025855;QHD43416;|;;;;;;;
1056;A;.;0.077822;QHD43416;|;;;;;;;
1057;P;.;0.043462;QHD43416;|;;;;;;;
1058;H;.;0.200561;QHD43416;|;;;;;;;
1059;G;.;0.025621;QHD43416;|;;;;;;;
1060;V;S;0.728642;QHD43416;|;;;;;;;
1061;V;S;0.620651;QHD43416;|;;;;;;;
1062;F;.;0.33174;QHD43416;|;;;;;;;
1063;L;S;0.91805;QHD43416;|;;;;;;;
1064;H;S;0.641808;QHD43416;|;;;;;;;
1065;V;S;0.849568;QHD43416;|;;;;;;;
1066;T;.;0.058049;QHD43416;|;;;;;;;
1067;Y;S;0.974285;QHD43416;|;;;;;;;
1068;V;S;0.812196;QHD43416;|;;;;;;;
1069;P;.;0.1425;QHD43416;|;;;;;;;
1070;A;S;0.789383;QHD43416;|;;;;;;;
1071;Q;.;0.119237;QHD43416;|;;;;;;;
1072;E;.;0.032362;QHD43416;|;;;;;;;
1073;K;S;0.931753;QHD43416;|;;;;;;;
1074;N;.;0.071015;QHD43416;|;;;;;;;
1075;F;.;0.304316;QHD43416;|;;;;;;;
1076;T;.;0.028314;QHD43416;|;;;;;;;
1077;T;.;0.165799;QHD43416;|;;;;;;;
1078;A;.;0.368035;QHD43416;|;;;;;;;
1079;P;S;0.707454;QHD43416;|;;;;;;;
1080;A;.;0.252863;QHD43416;|;;;;;;;
1081;I;S;0.689375;QHD43416;|;;;;;;;
1082;C;.;0.029751;QHD43416;|;;;;;;;
1083;H;.;0.095178;QHD43416;|;;;;;;;
1084;D;.;0.076718;QHD43416;|;;;;;;;
1085;G;.;0.094053;QHD43416;|;;;;;;;
1086;K;S;0.83629;QHD43416;|;;;;;;;
1087;A;.;0.151527;QHD43416;|;;;;;;;
1088;H;.;0.025417;QHD43416;|;;;;;;;
1089;F;.;0.492353;QHD43416;|;;;;;;;
1090;P;.;0.025198;QHD43416;|;;;;;;;
1091;R;.;0.35157;QHD43416;|;;;;;;;
1092;E;.;0.023929;QHD43416;|;;;;;;;
1093;G;.;0.032068;QHD43416;|;;;;;;;
1094;V;.;0.288629;QHD43416;|;;;;;;;
1095;F;S;0.710878;QHD43416;|;;;;;;;
1096;V;.;0.257419;QHD43416;|;;;;;;;
1097;S;S;0.50077;QHD43416;|;;;;;;;
1098;N;.;0.091873;QHD43416;|;;;;;;;
1099;G;.;0.027048;QHD43416;|;;;;;;;
1100;T;.;0.027129;QHD43416;|;;;;;;;
1101;H;.;0.131263;QHD43416;|;;;;;;;
1102;W;S;0.857682;QHD43416;|;;;;;;;
1103;F;S;0.720287;QHD43416;|;;;;;;;
1104;V;S;0.614341;QHD43416;|;;;;;;;
1105;T;.;0.038988;QHD43416;|;;;;;;;
1106;Q;.;0.229968;QHD43416;|;;;;;;;
1107;R;S;0.941764;QHD43416;|;;;;;;;
1108;N;.;0.192099;QHD43416;|;;;;;;;
1109;F;S;0.56863;QHD43416;|;;;;;;;
1110;Y;.;0.433595;QHD43416;|;;;;;;;
1111;E;.;0.022705;QHD43416;|;;;;;;;
1112;P;.;0.035627;QHD43416;|;;;;;;;
1113;Q;.;0.031507;QHD43416;|;;;;;;;
1114;I;S;0.690627;QHD43416;|;;;;;;;
1115;I;.;0.08474;QHD43416;|;;;;;;;
1116;T;.;0.040691;QHD43416;|;;;;;;;
1117;T;S;0.596095;QHD43416;|;;;;;;;
1118;D;.;0.171918;QHD43416;|;;;;;;;
1119;N;.;0.166853;QHD43416;|;;;;;;;
1120;T;.;0.028133;QHD43416;|;;;;;;;
1121;F;S;0.75359;QHD43416;|;;;;;;;
1122;V;S;0.756614;QHD43416;|;;;;;;;
1123;S;.;0.138216;QHD43416;|;;;;;;;
1124;G;.;0.293253;QHD43416;|;;;;;;;
1125;N;.;0.029663;QHD43416;|;;;;;;;
1126;C;.;0.024028;QHD43416;|;;;;;;;
1127;D;.;0.023511;QHD43416;|;;;;;;;
1128;V;.;0.19697;QHD43416;|;;;;;;;
1129;V;.;0.094517;QHD43416;|;;;;;;;
1130;I;.;0.089631;QHD43416;|;;;;;;;
1131;G;.;0.023853;QHD43416;|;;;;;;;
1132;I;.;0.233413;QHD43416;|;;;;;;;
1133;V;.;0.180063;QHD43416;|;;;;;;;
1134;N;.;0.035916;QHD43416;|;;;;;;;
1135;N;.;0.077686;QHD43416;|;;;;;;;
1136;T;.;0.126149;QHD43416;|;;;;;;;
1137;V;S;0.946908;QHD43416;|;;;;;;;
1138;Y;S;0.944129;QHD43416;|;;;;;;;
1139;D;.;0.213902;QHD43416;|;;;;;;;
1140;P;.;0.053987;QHD43416;|;;;;;;;
1141;L;S;0.809469;QHD43416;|;;;;;;;
1142;Q;.;0.024294;QHD43416;|;;;;;;;
1143;P;.;0.052431;QHD43416;|;;;;;;;
1144;E;.;0.060839;QHD43416;|;;;;;;;
1145;L;S;0.97446;QHD43416;|;;;;;;;
1146;D;.;0.045904;QHD43416;|;;;;;;;
1147;S;.;0.124699;QHD43416;|;;;;;;;
1148;F;S;0.865602;QHD43416;|;;;;;;;
1149;K;.;0.262564;QHD43416;|;;;;;;;
1150;E;.;0.243921;QHD43416;|;;;;;;;
1151;E;.;0.027792;QHD43416;|;;;;;;;
1152;L;S;0.826679;QHD43416;|;;;;;;;
1153;D;.;0.026734;QHD43416;|;;;;;;;
1154;K;S;0.684596;QHD43416;|;;;;;;;
1155;Y;S;0.937522;QHD43416;|;;;;;;;
1156;F;.;0.33136;QHD43416;|;;;;;;;
1157;K;S;0.599992;QHD43416;|;;;;;;;
1158;N;.;0.290353;QHD43416;|;;;;;;;
1159;H;.;0.456622;QHD43416;|;;;;;;;
1160;T;.;0.091321;QHD43416;|;;;;;;;
1161;S;.;0.10854;QHD43416;|;;;;;;;
1162;P;S;0.751396;QHD43416;|;;;;;;;
1163;D;.;0.036278;QHD43416;|;;;;;;;
1164;V;S;0.878126;QHD43416;|;;;;;;;
1165;D;.;0.025611;QHD43416;|;;;;;;;
1166;L;S;0.643203;QHD43416;|;;;;;;;
1167;G;.;0.069166;QHD43416;|;;;;;;;
1168;D;.;0.03142;QHD43416;|;;;;;;;
1169;I;S;0.690329;QHD43416;|;;;;;;;
1170;S;.;0.023405;QHD43416;|;;;;;;;
1171;G;.;0.041312;QHD43416;|;;;;;;;
1172;I;.;0.28429;QHD43416;|;;;;;;;
1173;N;.;0.039967;QHD43416;|;;;;;;;
1174;A;.;0.060691;QHD43416;|;;;;;;;
1175;S;.;0.029025;QHD43416;|;;;;;;;
1176;V;S;0.738783;QHD43416;|;;;;;;;
1177;V;S;0.628455;QHD43416;|;;;;;;;
1178;N;.;0.034644;QHD43416;|;;;;;;;
1179;I;S;0.54906;QHD43416;|;;;;;;;
1180;Q;.;0.031321;QHD43416;|;;;;;;;
1181;K;S;0.949286;QHD43416;|;;;;;;;
1182;E;.;0.035373;QHD43416;|;;;;;;;
1183;I;S;0.707235;QHD43416;|;;;;;;;
1184;D;.;0.024403;QHD43416;|;;;;;;;
1185;R;.;0.046798;QHD43416;|;;;;;;;
1186;L;.;0.392924;QHD43416;|;;;;;;;
1187;N;.;0.027963;QHD43416;|;;;;;;;
1188;E;.;0.022482;QHD43416;|;;;;;;;
1189;V;S;0.956933;QHD43416;|;;;;;;;
1190;A;.;0.271839;QHD43416;|;;;;;;;
1191;K;.;0.348497;QHD43416;|;;;;;;;
1192;N;.;0.090368;QHD43416;|;;;;;;;
1193;L;S;0.9655;QHD43416;|;;;;;;;
1194;N;.;0.025771;QHD43416;|;;;;;;;
1195;E;.;0.025344;QHD43416;|;;;;;;;
1196;S;.;0.091616;QHD43416;|;;;;;;;
1197;L;S;0.725554;QHD43416;|;;;;;;;
1198;I;.;0.3904;QHD43416;|;;;;;;;
1199;D;.;0.028871;QHD43416;|;;;;;;;
1200;L;S;0.945978;QHD43416;|;;;;;;;
1201;Q;.;0.028869;QHD43416;|;;;;;;;
1202;E;.;0.032809;QHD43416;|;;;;;;;
1203;L;S;0.712329;QHD43416;|;;;;;;;
1204;G;.;0.029705;QHD43416;|;;;;;;;
1205;K;S;0.523584;QHD43416;|;;;;;;;
1206;Y;S;0.552839;QHD43416;|;;;;;;;
1207;E;.;0.025313;QHD43416;|;;;;;;;
1208;Q;.;0.061732;QHD43416;|;;;;;;;
1209;Y;S;0.529477;QHD43416;|;;;;;;;
1210;I;.;0.195592;QHD43416;|;;;;;;;
1211;K;.;0.065728;QHD43416;|;;;;;;;
1212;W;.;0.462495;QHD43416;|;;;;;;;
1213;P;.;0.024683;QHD43416;|;;;;;;;
1214;W;.;0.486376;QHD43416;|;;;;;;;
1215;Y;.;0.171539;QHD43416;|;;;;;;;
1216;I;S;0.676797;QHD43416;|;;;;;;;
1217;W;S;0.806619;QHD43416;|;;;;;;;
1218;L;S;0.771559;QHD43416;|;;;;;;;
1219;G;.;0.091557;QHD43416;|;;;;;;;
1220;F;S;0.849266;QHD43416;|;;;;;;;
1221;I;.;0.060102;QHD43416;|;;;;;;;
1222;A;.;0.035641;QHD43416;|;;;;;;;
1223;G;.;0.092889;QHD43416;|;;;;;;;
1224;L;.;0.302748;QHD43416;|;;;;;;;
1225;I;.;0.131218;QHD43416;|;;;;;;;
1226;A;.;0.027835;QHD43416;|;;;;;;;
1227;I;.;0.086144;QHD43416;|;;;;;;;
1228;V;.;0.179154;QHD43416;|;;;;;;;
1229;M;.;0.102365;QHD43416;|;;;;;;;
1230;V;.;0.355137;QHD43416;|;;;;;;;
1231;T;.;0.044558;QHD43416;|;;;;;;;
1232;I;S;0.816061;QHD43416;|;;;;;;;
1233;M;S;0.594337;QHD43416;|;;;;;;;
1234;L;S;0.932374;QHD43416;|;;;;;;;
1235;C;.;0.050378;QHD43416;|;;;;;;;
1236;C;.;0.036373;QHD43416;|;;;;;;;
1237;M;.;0.288406;QHD43416;|;;;;;;;
1238;T;.;0.049423;QHD43416;|;;;;;;;
1239;S;.;0.078635;QHD43416;|;;;;;;;
1240;C;.;0.070153;QHD43416;|;;;;;;;
1241;C;.;0.030027;QHD43416;|;;;;;;;
1242;S;.;0.028391;QHD43416;|;;;;;;;
1243;C;.;0.025103;QHD43416;|;;;;;;;
1244;L;S;0.890611;QHD43416;|;;;;;;;
1245;K;S;0.752478;QHD43416;|;;;;;;;
1246;G;.;0.076968;QHD43416;|;;;;;;;
1247;C;.;0.023977;QHD43416;|;;;;;;;
1248;C;.;0.023429;QHD43416;|;;;;;;;
1249;S;.;0.025265;QHD43416;|;;;;;;;
1250;C;.;0.038994;QHD43416;|;;;;;;;
1251;G;.;0.153735;QHD43416;|;;;;;;;
1252;S;.;0.033876;QHD43416;|;;;;;;;
1253;C;.;0.02705;QHD43416;|;;;;;;;
1254;C;.;0.025654;QHD43416;|;;;;;;;
1255;K;S;0.645758;QHD43416;|;;;;;;;
1256;F;S;0.921571;QHD43416;|;;;;;;;
1257;D;.;0.023119;QHD43416;|;;;;;;;
1258;E;.;0.022167;QHD43416;|;;;;;;;
1259;D;.;0.025901;QHD43416;|;;;;;;;
1260;D;.;0.024311;QHD43416;|;;;;;;;
1261;S;.;0.022436;QHD43416;|;;;;;;;
1262;E;.;0.023009;QHD43416;|;;;;;;;
1263;P;.;0.036752;QHD43416;|;;;;;;;
1264;V;.;0.274641;QHD43416;|;;;;;;;
1265;L;S;0.950554;QHD43416;|;;;;;;;
1266;K;.;0.310251;QHD43416;|;;;;;;;
1267;G;.;0.152658;QHD43416;|;;;;;;;
1268;V;S;0.623653;QHD43416;|;;;;;;;
1269;K;.;0.357531;QHD43416;|;;;;;;;
1270;L;S;0.97679;QHD43416;|;;;;;;;
1271;H;.;0.386486;QHD43416;|;;;;;;;
1272;Y;S;0.978325;QHD43416;|;;;;;;;
1273;T;.;0.118749;QHD43416;|;;;;;;;
